Zeitstempel,Anfangsbuchstabe des Vornamens Ihrer Mutter,Anfangsbuchstabe des Mädchennamens Ihrer Mutter,Dritter Buchstabe des Geburtsmonats Ihrer Mutter,Anfangsbuchstabe Ihres Geburtsortes ,Anfangsbuchstabe des Vornamens Ihres Vaters,Geschlecht,Ihr Alter in Jahren:,Wie häufig machen Sie in der Woche Sport?,Welche Sportarten machen Sie? (mehrere Antworten möglich),"Haben Sie schonmal Sport-Apps genutzt? (Z.B. Apple Sports, Adidas Running App, Komoot, Nike Training Club, Freeletics, Urban Sports Club, Stava, etc.)  ","Warum üben Sie Sport aus?   [Wegen der Begeisterung, die ich empfinde, wenn ich wirklich an einer Aktivität beteiligt bin]","Warum üben Sie Sport aus?   [Weil es die Art und Weise ist, wie ich mein Leben leben möchte]","Warum üben Sie Sport aus?   [Weil es eine gute Möglichkeit ist, viele Dinge zu lernen, die mir in anderen Bereichen meines Lebens nützlich sein könnten]","Warum üben Sie Sport aus?   [Weil es mir erlaubt, bei den Menschen, die ich kenne, gut angesehen zu sein]","Warum üben Sie Sport aus?   [Ich weiß es nicht mehr; ich habe den Eindruck, dass ich in meiner Sportart nicht erfolgreich sein kann]","Warum üben Sie Sport aus?   [Weil ich eine große persönliche Befriedigung empfinde, wenn ich bestimmte schwierige Trainingstechniken beherrsche]","Warum üben Sie Sport aus?   [Weil es absolut notwendig ist, Sport zu treiben, wenn man in Form sein will]","Warum üben Sie Sport aus?   [Weil es eine der besten Möglichkeiten ist, um andere Aspekte meines Lebens weiter zu entwickeln]",Warum üben Sie Sport aus?   [Weil er ein Teil von mir ist],"Warum üben Sie Sport aus?   [Weil ich Sport treiben muss, um mich selbst gut zu fühlen]",Warum üben Sie Sport aus?   [Wegen des Ansehens eines Sportlers / einer Sportlerin],"Warum üben Sie Sport aus?   [Ich weiß nicht, ob ich weiterhin so viel Zeit und Mühe in meinen Sport investieren möchte]",Warum üben Sie Sport aus?   [Weil die Teilnahme an meinem Sport mit meinen innersten Grundsätzen übereinstimmt],"Warum üben Sie Sport aus?   [Wegen der Zufriedenheit, die ich erfahre, während ich meine Fähigkeiten perfektioniere]","Warum üben Sie Sport aus?   [Weil es eine der besten Möglichkeiten ist, gute Beziehungen zu meinen FreundInnen zu pflegen]","Warum üben Sie Sport aus?   [Weil ich mich schlecht fühlen würde, wenn ich mir keine Zeit dafür nehmen würde]","Warum üben Sie Sport aus?   [Es ist mir nicht mehr klar. Ich glaube nicht, dass Sport noch weiterhin was für mich ist.]","Warum üben Sie Sport aus?   [Ich empfinde Freude daran neue Strategien auszuprobieren, um meine Leistung zu verbessern.]","Warum üben Sie Sport aus?   [Wegen der materiellen oder sozialen Vorteile, die man als SportlerIn hat]",Warum üben Sie Sport aus?   [Weil ich durch hartes Training meine Leistung verbessern kann],Warum üben Sie Sport aus?   [Weil die Teilnahme an meinem Sport ein fester Bestandteil meines Lebens ist],"Warum üben Sie Sport aus?   [Ich habe das Gefühl, dass mir mein Sport nicht mehr so viel Spaß macht wie früher]",Warum üben Sie Sport aus?   [Weil ich regelmäßig Sport treiben muss],"Warum üben Sie Sport aus?   [Um anderen zu zeigen, wie gut ich in meinem Sport bin]",Wie oft benutzen Sie eine Sport-App?  ,Wofür benutzen Sie Sport-Apps? (mehrere Antworten möglich)  ,"Glauben Sie, dass Sie Ihre Sportlichen Ziele durch Benutzung einer Sport-App effizienter erreichen können? ","Motiviert es Sie, wenn Sie Ihre Leistungen mit denen Ihrer Freunde vergleichen?  "
03.06.2023 14:50:50,A,B,B,K,D,Weiblich,22,5-6 mal die Woche,"Joggen, Ballsportarten (z.B. Fußball, Handball, Basketball, etc.), Schwimmen",Ja,5 - trifft voll zu,3- trifft teilweise zu,5 - trifft voll zu,1 - trifft gar nicht zu,1 - trifft gar nicht zu,2 - trifft nicht zu,3- trifft teilweise zu,2 - trifft nicht zu,5 - trifft voll zu,5 - trifft voll zu,2 - trifft nicht zu,1 - trifft gar nicht zu,4 - trifft zu,5 - trifft voll zu,2 - trifft nicht zu,4 - trifft zu,1 - trifft gar nicht zu,5 - trifft voll zu,4 - trifft zu,5 - trifft voll zu,5 - trifft voll zu,1 - trifft gar nicht zu,4 - trifft zu,4 - trifft zu,Bei wenigen Trainings,"Zum Tracken meiner Leistungen, Um mir Ziele zu setzen",Ja,Nein
03.06.2023 14:58:27,A,I,R,W,D,Weiblich,23,3-4 mal die Woche,"Fitness-Kurse, Tanzen",Ja,4 - trifft zu,3- trifft teilweise zu,3- trifft teilweise zu,3- trifft teilweise zu,2 - trifft nicht zu,3- trifft teilweise zu,4 - trifft zu,4 - trifft zu,4 - trifft zu,4 - trifft zu,3- trifft teilweise zu,3- trifft teilweise zu,2 - trifft nicht zu,3- trifft teilweise zu,4 - trifft zu,4 - trifft zu,4 - trifft zu,4 - trifft zu,3- trifft teilweise zu,4 - trifft zu,4 - trifft zu,2 - trifft nicht zu,4 - trifft zu,3- trifft teilweise zu,Bei wenigen Trainings,"Zum Tracken meiner Leistungen, Um das Training meiner Freunde zu verfolgen, Um Kurse zu Buchen, Um einen Sport-Zeitplan zu erstellen, Um mir Ziele zu setzen, Um motivierter zu sein beim Sport",Ja,Ja
05.06.2023 09:28:37,M,O,T,A,M,Weiblich,25,3-4 mal die Woche,"Joggen, Kraftsport, Ballsportarten (z.B. Fußball, Handball, Basketball, etc.)",Ja,5 - trifft voll zu,4 - trifft zu,2 - trifft nicht zu,2 - trifft nicht zu,1 - trifft gar nicht zu,4 - trifft zu,5 - trifft voll zu,2 - trifft nicht zu,4 - trifft zu,5 - trifft voll zu,2 - trifft nicht zu,1 - trifft gar nicht zu,4 - trifft zu,4 - trifft zu,4 - trifft zu,5 - trifft voll zu,1 - trifft gar nicht zu,4 - trifft zu,1 - trifft gar nicht zu,4 - trifft zu,5 - trifft voll zu,1 - trifft gar nicht zu,3- trifft teilweise zu,3- trifft teilweise zu,Bei wenigen Trainings,Zum Tracken meiner Leistungen,Ja,Nein
05.06.2023 09:30:14,K,S,R,K,W,Weiblich,18,3-4 mal die Woche,"Kraftsport, Ballsportarten (z.B. Fußball, Handball, Basketball, etc.)",Ja,5 - trifft voll zu,5 - trifft voll zu,3- trifft teilweise zu,2 - trifft nicht zu,2 - trifft nicht zu,4 - trifft zu,3- trifft teilweise zu,2 - trifft nicht zu,5 - trifft voll zu,4 - trifft zu,3- trifft teilweise zu,1 - trifft gar nicht zu,5 - trifft voll zu,3- trifft teilweise zu,5 - trifft voll zu,3- trifft teilweise zu,1 - trifft gar nicht zu,4 - trifft zu,1 - trifft gar nicht zu,5 - trifft voll zu,5 - trifft voll zu,1 - trifft gar nicht zu,3- trifft teilweise zu,3- trifft teilweise zu,Bei wenigen Trainings,"Zum Tracken meiner Leistungen, Um einen Sport-Zeitplan zu erstellen, Um mir Ziele zu setzen",Ja,Nein
05.06.2023 09:32:37,A,W,R,K,H,Weiblich,18,1-2 mal die Woche,"Ballsportarten (z.B. Fußball, Handball, Basketball, etc.), Fahrrad fahren ",Ja,3- trifft teilweise zu,4 - trifft zu,3- trifft teilweise zu,2 - trifft nicht zu,1 - trifft gar nicht zu,3- trifft teilweise zu,4 - trifft zu,3- trifft teilweise zu,4 - trifft zu,3- trifft teilweise zu,2 - trifft nicht zu,3- trifft teilweise zu,3- trifft teilweise zu,2 - trifft nicht zu,4 - trifft zu,3- trifft teilweise zu,3- trifft teilweise zu,2 - trifft nicht zu,2 - trifft nicht zu,2 - trifft nicht zu,4 - trifft zu,2 - trifft nicht zu,2 - trifft nicht zu,2 - trifft nicht zu,Nie,Zum Tracken meiner Leistungen,Ja,Nein
05.06.2023 09:34:10,B,B,L,C,R,Weiblich,34,1-2 mal die Woche,Yoga,Ja,2 - trifft nicht zu,2 - trifft nicht zu,2 - trifft nicht zu,2 - trifft nicht zu,1 - trifft gar nicht zu,2 - trifft nicht zu,3- trifft teilweise zu,2 - trifft nicht zu,2 - trifft nicht zu,3- trifft teilweise zu,2 - trifft nicht zu,1 - trifft gar nicht zu,3- trifft teilweise zu,2 - trifft nicht zu,3- trifft teilweise zu,3- trifft teilweise zu,1 - trifft gar nicht zu,1 - trifft gar nicht zu,2 - trifft nicht zu,3- trifft teilweise zu,2 - trifft nicht zu,2 - trifft nicht zu,3- trifft teilweise zu,1 - trifft gar nicht zu,Bei wenigen Trainings,Zum Tracken meiner Leistungen,Nein,Nein
05.06.2023 09:35:27,B,B,Z,S,E,Männlich,34,Gar nicht,"Joggen, Kraftsport",Nein,1 - trifft gar nicht zu,2 - trifft nicht zu,2 - trifft nicht zu,1 - trifft gar nicht zu,1 - trifft gar nicht zu,2 - trifft nicht zu,2 - trifft nicht zu,2 - trifft nicht zu,1 - trifft gar nicht zu,3- trifft teilweise zu,1 - trifft gar nicht zu,2 - trifft nicht zu,2 - trifft nicht zu,2 - trifft nicht zu,1 - trifft gar nicht zu,1 - trifft gar nicht zu,1 - trifft gar nicht zu,1 - trifft gar nicht zu,1 - trifft gar nicht zu,1 - trifft gar nicht zu,1 - trifft gar nicht zu,1 - trifft gar nicht zu,2 - trifft nicht zu,1 - trifft gar nicht zu,Bei dem Großteil meiner Trainings,"Zum Tracken meiner Leistungen, Um das Training meiner Freunde zu verfolgen, Um motivierter zu sein beim Sport",Ja,Nein
05.06.2023 09:35:49,M,V,v,W,K,Weiblich,85,Jeden Tag,Fahrradfahren,Nein,1 - trifft gar nicht zu,3- trifft teilweise zu,1 - trifft gar nicht zu,3- trifft teilweise zu,3- trifft teilweise zu,1 - trifft gar nicht zu,3- trifft teilweise zu,2 - trifft nicht zu,1 - trifft gar nicht zu,3- trifft teilweise zu,1 - trifft gar nicht zu,1 - trifft gar nicht zu,3- trifft teilweise zu,3- trifft teilweise zu,2 - trifft nicht zu,3- trifft teilweise zu,2 - trifft nicht zu,1 - trifft gar nicht zu,1 - trifft gar nicht zu,1 - trifft gar nicht zu,3- trifft teilweise zu,1 - trifft gar nicht zu,3- trifft teilweise zu,1 - trifft gar nicht zu,Nie,Um mir Ziele zu setzen,Nein,Nein
05.06.2023 09:39:10,A,H,T,L,A,Weiblich,17,3-4 mal die Woche,"Joggen, Ballsportarten (z.B. Fußball, Handball, Basketball, etc.)",Ja,4 - trifft zu,5 - trifft voll zu,5 - trifft voll zu,3- trifft teilweise zu,2 - trifft nicht zu,5 - trifft voll zu,4 - trifft zu,5 - trifft voll zu,5 - trifft voll zu,5 - trifft voll zu,3- trifft teilweise zu,1 - trifft gar nicht zu,5 - trifft voll zu,5 - trifft voll zu,4 - trifft zu,5 - trifft voll zu,1 - trifft gar nicht zu,5 - trifft voll zu,4 - trifft zu,5 - trifft voll zu,5 - trifft voll zu,2 - trifft nicht zu,4 - trifft zu,4 - trifft zu,Bei wenigen Trainings,"Zum Tracken meiner Leistungen, Um motivierter zu sein beim Sport",Nein,Nein
05.06.2023 09:40:01,E,Z,L,K,T,Männlich,26,3-4 mal die Woche,Kraftsport,Ja,3- trifft teilweise zu,4 - trifft zu,3- trifft teilweise zu,3- trifft teilweise zu,2 - trifft nicht zu,4 - trifft zu,4 - trifft zu,4 - trifft zu,4 - trifft zu,4 - trifft zu,2 - trifft nicht zu,1 - trifft gar nicht zu,3- trifft teilweise zu,4 - trifft zu,2 - trifft nicht zu,4 - trifft zu,2 - trifft nicht zu,4 - trifft zu,4 - trifft zu,4 - trifft zu,4 - trifft zu,3- trifft teilweise zu,3- trifft teilweise zu,2 - trifft nicht zu,Bei wenigen Trainings,"Zum Tracken meiner Leistungen, Um motivierter zu sein beim Sport",Ja,Nein
05.06.2023 09:40:39,C,N,N,F,M,Weiblich,20,3-4 mal die Woche,"Joggen, Ballsportarten (z.B. Fußball, Handball, Basketball, etc.)",Ja,3- trifft teilweise zu,3- trifft teilweise zu,2 - trifft nicht zu,3- trifft teilweise zu,2 - trifft nicht zu,3- trifft teilweise zu,3- trifft teilweise zu,3- trifft teilweise zu,3- trifft teilweise zu,3- trifft teilweise zu,2 - trifft nicht zu,1 - trifft gar nicht zu,3- trifft teilweise zu,3- trifft teilweise zu,3- trifft teilweise zu,3- trifft teilweise zu,1 - trifft gar nicht zu,3- trifft teilweise zu,2 - trifft nicht zu,3- trifft teilweise zu,3- trifft teilweise zu,2 - trifft nicht zu,3- trifft teilweise zu,3- trifft teilweise zu,Bei wenigen Trainings,"Zum Tracken meiner Leistungen, Um das Training meiner Freunde zu verfolgen, Um motivierter zu sein beim Sport",Ja,Ja
05.06.2023 09:40:56,V,V,M,A,C,Weiblich,27,3-4 mal die Woche,"Kraftsport, Fitness-Kurse",Nein,1 - trifft gar nicht zu,2 - trifft nicht zu,1 - trifft gar nicht zu,2 - trifft nicht zu,1 - trifft gar nicht zu,2 - trifft nicht zu,3- trifft teilweise zu,2 - trifft nicht zu,1 - trifft gar nicht zu,2 - trifft nicht zu,1 - trifft gar nicht zu,1 - trifft gar nicht zu,1 - trifft gar nicht zu,2 - trifft nicht zu,2 - trifft nicht zu,2 - trifft nicht zu,1 - trifft gar nicht zu,1 - trifft gar nicht zu,1 - trifft gar nicht zu,2 - trifft nicht zu,2 - trifft nicht zu,1 - trifft gar nicht zu,2 - trifft nicht zu,1 - trifft gar nicht zu,Nie,Zum Tracken meiner Leistungen,Ja,Ja
05.06.2023 09:42:41,P,J,N,K,U,Weiblich,28,3-4 mal die Woche,"Ballsportarten (z.B. Fußball, Handball, Basketball, etc.), Fitness-Kurse",Ja,3- trifft teilweise zu,4 - trifft zu,2 - trifft nicht zu,3- trifft teilweise zu,1 - trifft gar nicht zu,2 - trifft nicht zu,5 - trifft voll zu,2 - trifft nicht zu,5 - trifft voll zu,4 - trifft zu,2 - trifft nicht zu,1 - trifft gar nicht zu,4 - trifft zu,3- trifft teilweise zu,2 - trifft nicht zu,4 - trifft zu,1 - trifft gar nicht zu,3- trifft teilweise zu,1 - trifft gar nicht zu,2 - trifft nicht zu,5 - trifft voll zu,1 - trifft gar nicht zu,4 - trifft zu,3- trifft teilweise zu,Bei wenigen Trainings,Zum Tracken meiner Leistungen,Nein,Nein
05.06.2023 09:48:45,A,B,N,K,G,Männlich,23,3-4 mal die Woche,"Joggen, Ballsportarten (z.B. Fußball, Handball, Basketball, etc.)",Ja,5 - trifft voll zu,4 - trifft zu,5 - trifft voll zu,4 - trifft zu,2 - trifft nicht zu,5 - trifft voll zu,4 - trifft zu,4 - trifft zu,5 - trifft voll zu,4 - trifft zu,2 - trifft nicht zu,1 - trifft gar nicht zu,5 - trifft voll zu,5 - trifft voll zu,4 - trifft zu,4 - trifft zu,1 - trifft gar nicht zu,3- trifft teilweise zu,4 - trifft zu,4 - trifft zu,5 - trifft voll zu,2 - trifft nicht zu,3- trifft teilweise zu,2 - trifft nicht zu,Bei wenigen Trainings,Zum Tracken meiner Leistungen,Nein,Ja
05.06.2023 09:49:24,D,K,Z,O,S,Weiblich,36,3-4 mal die Woche,"Joggen, Kraftsport, Tanzen",Ja,5 - trifft voll zu,4 - trifft zu,2 - trifft nicht zu,1 - trifft gar nicht zu,1 - trifft gar nicht zu,5 - trifft voll zu,2 - trifft nicht zu,2 - trifft nicht zu,5 - trifft voll zu,4 - trifft zu,1 - trifft gar nicht zu,1 - trifft gar nicht zu,3- trifft teilweise zu,5 - trifft voll zu,4 - trifft zu,4 - trifft zu,1 - trifft gar nicht zu,3- trifft teilweise zu,2 - trifft nicht zu,5 - trifft voll zu,5 - trifft voll zu,1 - trifft gar nicht zu,5 - trifft voll zu,2 - trifft nicht zu,Bei jedem Training,"Zum Tracken meiner Leistungen, Um mir Ziele zu setzen, Um motivierter zu sein beim Sport",Ja,Ja
05.06.2023 09:52:15,J,S,N,B,R,Weiblich,23,1-2 mal die Woche,"Joggen, Kraftsport, Ballsportarten (z.B. Fußball, Handball, Basketball, etc.)",Nein,5 - trifft voll zu,4 - trifft zu,1 - trifft gar nicht zu,2 - trifft nicht zu,2 - trifft nicht zu,5 - trifft voll zu,3- trifft teilweise zu,1 - trifft gar nicht zu,4 - trifft zu,3- trifft teilweise zu,2 - trifft nicht zu,1 - trifft gar nicht zu,2 - trifft nicht zu,4 - trifft zu,1 - trifft gar nicht zu,3- trifft teilweise zu,1 - trifft gar nicht zu,5 - trifft voll zu,1 - trifft gar nicht zu,4 - trifft zu,5 - trifft voll zu,3- trifft teilweise zu,1 - trifft gar nicht zu,1 - trifft gar nicht zu,Nie,Benutze keine,Nein,Nein
05.06.2023 09:53:52,K,S,R,S,M,Weiblich,23,3-4 mal die Woche,"Fitness-Kurse, Tanzen",Ja,4 - trifft zu,4 - trifft zu,4 - trifft zu,3- trifft teilweise zu,2 - trifft nicht zu,4 - trifft zu,4 - trifft zu,4 - trifft zu,3- trifft teilweise zu,3- trifft teilweise zu,2 - trifft nicht zu,1 - trifft gar nicht zu,3- trifft teilweise zu,4 - trifft zu,2 - trifft nicht zu,4 - trifft zu,1 - trifft gar nicht zu,4 - trifft zu,2 - trifft nicht zu,4 - trifft zu,5 - trifft voll zu,2 - trifft nicht zu,4 - trifft zu,2 - trifft nicht zu,Bei wenigen Trainings,"Um Kurse zu Buchen, Um mir Ziele zu setzen",Ja,Ja
05.06.2023 09:54:23,P,N,D,K,W,Männlich,23,3-4 mal die Woche,"Kraftsport, Ballsportarten (z.B. Fußball, Handball, Basketball, etc.), Klettern",Ja,4 - trifft zu,4 - trifft zu,5 - trifft voll zu,3- trifft teilweise zu,2 - trifft nicht zu,4 - trifft zu,4 - trifft zu,3- trifft teilweise zu,4 - trifft zu,5 - trifft voll zu,3- trifft teilweise zu,2 - trifft nicht zu,2 - trifft nicht zu,4 - trifft zu,2 - trifft nicht zu,4 - trifft zu,2 - trifft nicht zu,5 - trifft voll zu,2 - trifft nicht zu,5 - trifft voll zu,4 - trifft zu,2 - trifft nicht zu,4 - trifft zu,3- trifft teilweise zu,Bei wenigen Trainings,"Zum Tracken meiner Leistungen, Um motivierter zu sein beim Sport",Ja,Nein
05.06.2023 09:54:33,N,K,R,G,H,Weiblich,23,1-2 mal die Woche,Kraftsport,Ja,4 - trifft zu,4 - trifft zu,2 - trifft nicht zu,2 - trifft nicht zu,1 - trifft gar nicht zu,4 - trifft zu,5 - trifft voll zu,2 - trifft nicht zu,3- trifft teilweise zu,4 - trifft zu,1 - trifft gar nicht zu,1 - trifft gar nicht zu,3- trifft teilweise zu,4 - trifft zu,1 - trifft gar nicht zu,4 - trifft zu,1 - trifft gar nicht zu,5 - trifft voll zu,1 - trifft gar nicht zu,5 - trifft voll zu,4 - trifft zu,1 - trifft gar nicht zu,3- trifft teilweise zu,1 - trifft gar nicht zu,Bei dem Großteil meiner Trainings,Zum Tracken meiner Leistungen,Nein,Nein
05.06.2023 09:55:42,A,M,R,T,T,Männlich,25,1-2 mal die Woche,"Joggen, Kraftsport, Ballsportarten (z.B. Fußball, Handball, Basketball, etc.)",Ja,5 - trifft voll zu,5 - trifft voll zu,3- trifft teilweise zu,3- trifft teilweise zu,1 - trifft gar nicht zu,5 - trifft voll zu,4 - trifft zu,2 - trifft nicht zu,4 - trifft zu,5 - trifft voll zu,3- trifft teilweise zu,3- trifft teilweise zu,4 - trifft zu,5 - trifft voll zu,4 - trifft zu,4 - trifft zu,1 - trifft gar nicht zu,5 - trifft voll zu,3- trifft teilweise zu,4 - trifft zu,4 - trifft zu,1 - trifft gar nicht zu,4 - trifft zu,3- trifft teilweise zu,Bei wenigen Trainings,"Zum Tracken meiner Leistungen, Um mir Ziele zu setzen",Ja,Ja
05.06.2023 09:56:19,M,K,P,L,R,Weiblich,24,3-4 mal die Woche,Kraftsport,Ja,4 - trifft zu,5 - trifft voll zu,4 - trifft zu,3- trifft teilweise zu,1 - trifft gar nicht zu,4 - trifft zu,3- trifft teilweise zu,4 - trifft zu,4 - trifft zu,4 - trifft zu,1 - trifft gar nicht zu,1 - trifft gar nicht zu,3- trifft teilweise zu,5 - trifft voll zu,1 - trifft gar nicht zu,3- trifft teilweise zu,1 - trifft gar nicht zu,5 - trifft voll zu,1 - trifft gar nicht zu,5 - trifft voll zu,5 - trifft voll zu,1 - trifft gar nicht zu,3- trifft teilweise zu,1 - trifft gar nicht zu,Bei jedem Training,Zum Tracken meiner Leistungen,Nein,Nein
05.06.2023 09:59:05,K,S,B,K,S,Weiblich,22,5-6 mal die Woche,"Joggen, Kraftsport, Ballsportarten (z.B. Fußball, Handball, Basketball, etc.), Fitness-Kurse",Ja,5 - trifft voll zu,5 - trifft voll zu,3- trifft teilweise zu,3- trifft teilweise zu,1 - trifft gar nicht zu,4 - trifft zu,4 - trifft zu,4 - trifft zu,5 - trifft voll zu,4 - trifft zu,3- trifft teilweise zu,1 - trifft gar nicht zu,4 - trifft zu,5 - trifft voll zu,3- trifft teilweise zu,5 - trifft voll zu,1 - trifft gar nicht zu,3- trifft teilweise zu,1 - trifft gar nicht zu,4 - trifft zu,5 - trifft voll zu,1 - trifft gar nicht zu,4 - trifft zu,2 - trifft nicht zu,Bei wenigen Trainings,"Zum Tracken meiner Leistungen, Um Kurse zu Buchen, Um motivierter zu sein beim Sport",Ja,Ja
05.06.2023 09:59:12,L,S,Z,K,H,Weiblich,17,1-2 mal die Woche,"Ballsportarten (z.B. Fußball, Handball, Basketball, etc.), Tanzen",Ja,5 - trifft voll zu,4 - trifft zu,2 - trifft nicht zu,2 - trifft nicht zu,3- trifft teilweise zu,1 - trifft gar nicht zu,3- trifft teilweise zu,1 - trifft gar nicht zu,3- trifft teilweise zu,4 - trifft zu,2 - trifft nicht zu,3- trifft teilweise zu,2 - trifft nicht zu,4 - trifft zu,2 - trifft nicht zu,3- trifft teilweise zu,1 - trifft gar nicht zu,4 - trifft zu,1 - trifft gar nicht zu,2 - trifft nicht zu,4 - trifft zu,2 - trifft nicht zu,3- trifft teilweise zu,2 - trifft nicht zu,Bei wenigen Trainings,"Zum Tracken meiner Leistungen, Um einen Sport-Zeitplan zu erstellen",Ja,Nein
05.06.2023 10:04:08,A,D,B,N,M,Weiblich,23,1-2 mal die Woche,"Kraftsport, Ballsportarten (z.B. Fußball, Handball, Basketball, etc.)",Ja,5 - trifft voll zu,5 - trifft voll zu,2 - trifft nicht zu,3- trifft teilweise zu,2 - trifft nicht zu,3- trifft teilweise zu,5 - trifft voll zu,2 - trifft nicht zu,3- trifft teilweise zu,4 - trifft zu,2 - trifft nicht zu,2 - trifft nicht zu,3- trifft teilweise zu,5 - trifft voll zu,3- trifft teilweise zu,3- trifft teilweise zu,1 - trifft gar nicht zu,4 - trifft zu,1 - trifft gar nicht zu,4 - trifft zu,4 - trifft zu,2 - trifft nicht zu,4 - trifft zu,3- trifft teilweise zu,Nie,Benutze ich nicht ,Ja,Nein
05.06.2023 10:04:16,S,V,L,Z,M,Weiblich,22,1-2 mal die Woche,Akrobatik ,Ja,5 - trifft voll zu,4 - trifft zu,3- trifft teilweise zu,3- trifft teilweise zu,2 - trifft nicht zu,5 - trifft voll zu,3- trifft teilweise zu,1 - trifft gar nicht zu,4 - trifft zu,2 - trifft nicht zu,1 - trifft gar nicht zu,1 - trifft gar nicht zu,5 - trifft voll zu,5 - trifft voll zu,3- trifft teilweise zu,3- trifft teilweise zu,1 - trifft gar nicht zu,5 - trifft voll zu,1 - trifft gar nicht zu,4 - trifft zu,3- trifft teilweise zu,1 - trifft gar nicht zu,1 - trifft gar nicht zu,3- trifft teilweise zu,Nie,"Um Kurse zu Buchen, Um motivierter zu sein beim Sport",Ja,Ja
05.06.2023 10:12:00,K,P,N,L,G,Weiblich,24,1-2 mal die Woche,"Joggen, Tanzen",Ja,5 - trifft voll zu,4 - trifft zu,4 - trifft zu,4 - trifft zu,1 - trifft gar nicht zu,5 - trifft voll zu,4 - trifft zu,5 - trifft voll zu,5 - trifft voll zu,5 - trifft voll zu,3- trifft teilweise zu,2 - trifft nicht zu,5 - trifft voll zu,5 - trifft voll zu,3- trifft teilweise zu,5 - trifft voll zu,1 - trifft gar nicht zu,5 - trifft voll zu,3- trifft teilweise zu,5 - trifft voll zu,5 - trifft voll zu,2 - trifft nicht zu,5 - trifft voll zu,4 - trifft zu,Bei dem Großteil meiner Trainings,"Zum Tracken meiner Leistungen, Um das Training meiner Freunde zu verfolgen, Um mir Ziele zu setzen, Um motivierter zu sein beim Sport",Ja,Ja
05.06.2023 10:14:12,H,F,V,B,F,Männlich,23,1-2 mal die Woche,Rudern,Nein,4 - trifft zu,4 - trifft zu,3- trifft teilweise zu,3- trifft teilweise zu,2 - trifft nicht zu,4 - trifft zu,5 - trifft voll zu,4 - trifft zu,3- trifft teilweise zu,2 - trifft nicht zu,1 - trifft gar nicht zu,2 - trifft nicht zu,3- trifft teilweise zu,3- trifft teilweise zu,4 - trifft zu,5 - trifft voll zu,1 - trifft gar nicht zu,4 - trifft zu,2 - trifft nicht zu,3- trifft teilweise zu,3- trifft teilweise zu,2 - trifft nicht zu,4 - trifft zu,2 - trifft nicht zu,Nie,"Option für Personen, die keine App nutzen fehlt. ",Ja,Ja
05.06.2023 10:20:18,S,J,R,K,P,Weiblich,17,5-6 mal die Woche,"Ballsportarten (z.B. Fußball, Handball, Basketball, etc.), Tanzen",Ja,5 - trifft voll zu,4 - trifft zu,3- trifft teilweise zu,3- trifft teilweise zu,3- trifft teilweise zu,3- trifft teilweise zu,2 - trifft nicht zu,2 - trifft nicht zu,5 - trifft voll zu,4 - trifft zu,2 - trifft nicht zu,1 - trifft gar nicht zu,2 - trifft nicht zu,2 - trifft nicht zu,2 - trifft nicht zu,3- trifft teilweise zu,1 - trifft gar nicht zu,3- trifft teilweise zu,1 - trifft gar nicht zu,3- trifft teilweise zu,4 - trifft zu,1 - trifft gar nicht zu,2 - trifft nicht zu,2 - trifft nicht zu,Nie,Zum Tracken meiner Leistungen,Nein,Nein
05.06.2023 10:26:46,N,Z,R,K,D,Weiblich,22,1-2 mal die Woche,Kraftsport,Ja,1 - trifft gar nicht zu,1 - trifft gar nicht zu,1 - trifft gar nicht zu,3- trifft teilweise zu,2 - trifft nicht zu,1 - trifft gar nicht zu,1 - trifft gar nicht zu,1 - trifft gar nicht zu,3- trifft teilweise zu,1 - trifft gar nicht zu,2 - trifft nicht zu,3- trifft teilweise zu,3- trifft teilweise zu,1 - trifft gar nicht zu,3- trifft teilweise zu,1 - trifft gar nicht zu,2 - trifft nicht zu,3- trifft teilweise zu,3- trifft teilweise zu,1 - trifft gar nicht zu,1 - trifft gar nicht zu,2 - trifft nicht zu,3- trifft teilweise zu,3- trifft teilweise zu,Bei wenigen Trainings,"Zum Tracken meiner Leistungen, Um einen Sport-Zeitplan zu erstellen",Ja,Nein
05.06.2023 10:28:34,D,E,T,K,J,Weiblich,18,3-4 mal die Woche,"Joggen, Kraftsport, Fitness-Kurse, Tanzen",Ja,4 - trifft zu,4 - trifft zu,4 - trifft zu,3- trifft teilweise zu,2 - trifft nicht zu,3- trifft teilweise zu,5 - trifft voll zu,3- trifft teilweise zu,4 - trifft zu,4 - trifft zu,1 - trifft gar nicht zu,3- trifft teilweise zu,4 - trifft zu,4 - trifft zu,3- trifft teilweise zu,3- trifft teilweise zu,1 - trifft gar nicht zu,2 - trifft nicht zu,1 - trifft gar nicht zu,4 - trifft zu,4 - trifft zu,2 - trifft nicht zu,4 - trifft zu,3- trifft teilweise zu,Bei jedem Training,"Zum Tracken meiner Leistungen, Um mir Ziele zu setzen",Ja,Ja
05.06.2023 10:30:02,B,N,L,M,N,Männlich,30,3-4 mal die Woche,"Joggen, Kraftsport, Fahrrad",Ja,4 - trifft zu,4 - trifft zu,4 - trifft zu,1 - trifft gar nicht zu,1 - trifft gar nicht zu,3- trifft teilweise zu,4 - trifft zu,4 - trifft zu,4 - trifft zu,4 - trifft zu,1 - trifft gar nicht zu,2 - trifft nicht zu,4 - trifft zu,4 - trifft zu,2 - trifft nicht zu,4 - trifft zu,1 - trifft gar nicht zu,2 - trifft nicht zu,1 - trifft gar nicht zu,4 - trifft zu,4 - trifft zu,2 - trifft nicht zu,2 - trifft nicht zu,1 - trifft gar nicht zu,Bei wenigen Trainings,"Zum Tracken meiner Leistungen, Joggen km Erfassen",Ja,Ja
05.06.2023 10:30:49,B,B,R,W,S,Männlich,24,3-4 mal die Woche,"Ballsportarten (z.B. Fußball, Handball, Basketball, etc.)",Ja,3- trifft teilweise zu,5 - trifft voll zu,4 - trifft zu,2 - trifft nicht zu,1 - trifft gar nicht zu,3- trifft teilweise zu,4 - trifft zu,4 - trifft zu,5 - trifft voll zu,4 - trifft zu,2 - trifft nicht zu,1 - trifft gar nicht zu,4 - trifft zu,5 - trifft voll zu,5 - trifft voll zu,5 - trifft voll zu,1 - trifft gar nicht zu,4 - trifft zu,3- trifft teilweise zu,4 - trifft zu,5 - trifft voll zu,2 - trifft nicht zu,3- trifft teilweise zu,1 - trifft gar nicht zu,Bei wenigen Trainings,"Zum Tracken meiner Leistungen, Um Kurse zu Buchen",Ja,Ja
05.06.2023 10:31:41,S,R,B,O,M,Männlich,23,3-4 mal die Woche,"Ballsportarten (z.B. Fußball, Handball, Basketball, etc.)",Ja,5 - trifft voll zu,5 - trifft voll zu,4 - trifft zu,3- trifft teilweise zu,2 - trifft nicht zu,3- trifft teilweise zu,3- trifft teilweise zu,4 - trifft zu,4 - trifft zu,4 - trifft zu,3- trifft teilweise zu,2 - trifft nicht zu,4 - trifft zu,3- trifft teilweise zu,4 - trifft zu,3- trifft teilweise zu,2 - trifft nicht zu,3- trifft teilweise zu,3- trifft teilweise zu,3- trifft teilweise zu,5 - trifft voll zu,3- trifft teilweise zu,4 - trifft zu,3- trifft teilweise zu,Bei wenigen Trainings,Zum Tracken meiner Leistungen,Ja,Ja
05.06.2023 10:32:25,C,H,T,S,M,Weiblich,25,1-2 mal die Woche,Tanzen,Ja,4 - trifft zu,3- trifft teilweise zu,1 - trifft gar nicht zu,1 - trifft gar nicht zu,1 - trifft gar nicht zu,4 - trifft zu,4 - trifft zu,3- trifft teilweise zu,5 - trifft voll zu,3- trifft teilweise zu,1 - trifft gar nicht zu,3- trifft teilweise zu,4 - trifft zu,4 - trifft zu,5 - trifft voll zu,3- trifft teilweise zu,1 - trifft gar nicht zu,3- trifft teilweise zu,1 - trifft gar nicht zu,1 - trifft gar nicht zu,5 - trifft voll zu,2 - trifft nicht zu,2 - trifft nicht zu,1 - trifft gar nicht zu,Nie,"Um das Training meiner Freunde zu verfolgen, Um motivierter zu sein beim Sport",Nein,Nein
05.06.2023 10:33:10,I,R,T,P,R,Männlich,35,5-6 mal die Woche,"Kraftsport, Ballsportarten (z.B. Fußball, Handball, Basketball, etc.)",Ja,4 - trifft zu,3- trifft teilweise zu,2 - trifft nicht zu,2 - trifft nicht zu,1 - trifft gar nicht zu,2 - trifft nicht zu,4 - trifft zu,2 - trifft nicht zu,5 - trifft voll zu,4 - trifft zu,1 - trifft gar nicht zu,2 - trifft nicht zu,4 - trifft zu,4 - trifft zu,3- trifft teilweise zu,4 - trifft zu,1 - trifft gar nicht zu,4 - trifft zu,3- trifft teilweise zu,4 - trifft zu,5 - trifft voll zu,4 - trifft zu,4 - trifft zu,2 - trifft nicht zu,Bei wenigen Trainings,"Zum Tracken meiner Leistungen, Um motivierter zu sein beim Sport",Ja,Ja
05.06.2023 10:33:33,A,B,B,W,J,Männlich,23,3-4 mal die Woche,"Joggen, Kraftsport, Ballsportarten (z.B. Fußball, Handball, Basketball, etc.), Tanzen, Bouldern",Ja,5 - trifft voll zu,5 - trifft voll zu,3- trifft teilweise zu,2 - trifft nicht zu,1 - trifft gar nicht zu,5 - trifft voll zu,4 - trifft zu,4 - trifft zu,5 - trifft voll zu,5 - trifft voll zu,1 - trifft gar nicht zu,1 - trifft gar nicht zu,3- trifft teilweise zu,5 - trifft voll zu,4 - trifft zu,5 - trifft voll zu,1 - trifft gar nicht zu,5 - trifft voll zu,3- trifft teilweise zu,4 - trifft zu,5 - trifft voll zu,1 - trifft gar nicht zu,4 - trifft zu,3- trifft teilweise zu,Bei wenigen Trainings,"Zum Tracken meiner Leistungen, Um einen Sport-Zeitplan zu erstellen",Ja,Ja
05.06.2023 10:40:03,A,K,R,K,R,Weiblich,23,3-4 mal die Woche,"Kraftsport, Tanzen",Nein,3- trifft teilweise zu,5 - trifft voll zu,3- trifft teilweise zu,3- trifft teilweise zu,2 - trifft nicht zu,4 - trifft zu,5 - trifft voll zu,5 - trifft voll zu,4 - trifft zu,5 - trifft voll zu,1 - trifft gar nicht zu,1 - trifft gar nicht zu,5 - trifft voll zu,4 - trifft zu,2 - trifft nicht zu,4 - trifft zu,1 - trifft gar nicht zu,3- trifft teilweise zu,2 - trifft nicht zu,4 - trifft zu,5 - trifft voll zu,1 - trifft gar nicht zu,5 - trifft voll zu,3- trifft teilweise zu,Bei wenigen Trainings,"Zum Tracken meiner Leistungen, Um das Training meiner Freunde zu verfolgen, Um Kurse zu Buchen, Um motivierter zu sein beim Sport",Ja,Ja
05.06.2023 10:41:09,C,H,M,O,M,Weiblich,32,1-2 mal die Woche,Joggen,Nein,2 - trifft nicht zu,4 - trifft zu,2 - trifft nicht zu,2 - trifft nicht zu,1 - trifft gar nicht zu,2 - trifft nicht zu,4 - trifft zu,4 - trifft zu,3- trifft teilweise zu,3- trifft teilweise zu,2 - trifft nicht zu,2 - trifft nicht zu,4 - trifft zu,2 - trifft nicht zu,3- trifft teilweise zu,4 - trifft zu,1 - trifft gar nicht zu,2 - trifft nicht zu,1 - trifft gar nicht zu,3- trifft teilweise zu,3- trifft teilweise zu,2 - trifft nicht zu,3- trifft teilweise zu,1 - trifft gar nicht zu,Nie,"Um Kurse zu Buchen, ",Nein,Nein
05.06.2023 10:41:52,M,B,V,T,W,Weiblich,23,1-2 mal die Woche,Fitness-Kurse,Ja,3- trifft teilweise zu,4 - trifft zu,3- trifft teilweise zu,2 - trifft nicht zu,1 - trifft gar nicht zu,1 - trifft gar nicht zu,5 - trifft voll zu,3- trifft teilweise zu,1 - trifft gar nicht zu,5 - trifft voll zu,1 - trifft gar nicht zu,1 - trifft gar nicht zu,3- trifft teilweise zu,1 - trifft gar nicht zu,3- trifft teilweise zu,5 - trifft voll zu,1 - trifft gar nicht zu,1 - trifft gar nicht zu,1 - trifft gar nicht zu,1 - trifft gar nicht zu,3- trifft teilweise zu,1 - trifft gar nicht zu,3- trifft teilweise zu,1 - trifft gar nicht zu,Bei wenigen Trainings,Zum Tracken meiner Leistungen,Ja,Nein
05.06.2023 10:43:30,E,P,V,M,J,Weiblich,23,3-4 mal die Woche,"Joggen, Ballsportarten (z.B. Fußball, Handball, Basketball, etc.), Fitness-Kurse",Ja,4 - trifft zu,5 - trifft voll zu,4 - trifft zu,3- trifft teilweise zu,1 - trifft gar nicht zu,5 - trifft voll zu,4 - trifft zu,3- trifft teilweise zu,4 - trifft zu,4 - trifft zu,4 - trifft zu,1 - trifft gar nicht zu,5 - trifft voll zu,5 - trifft voll zu,3- trifft teilweise zu,5 - trifft voll zu,1 - trifft gar nicht zu,5 - trifft voll zu,2 - trifft nicht zu,4 - trifft zu,5 - trifft voll zu,1 - trifft gar nicht zu,4 - trifft zu,3- trifft teilweise zu,Bei wenigen Trainings,Um Kurse zu Buchen,Nein,Nein
05.06.2023 10:44:31,S,M,B,E,A,Männlich,25,3-4 mal die Woche,"Ballsportarten (z.B. Fußball, Handball, Basketball, etc.)",Nein,4 - trifft zu,3- trifft teilweise zu,4 - trifft zu,1 - trifft gar nicht zu,1 - trifft gar nicht zu,4 - trifft zu,3- trifft teilweise zu,3- trifft teilweise zu,5 - trifft voll zu,4 - trifft zu,2 - trifft nicht zu,2 - trifft nicht zu,2 - trifft nicht zu,5 - trifft voll zu,2 - trifft nicht zu,2 - trifft nicht zu,1 - trifft gar nicht zu,3- trifft teilweise zu,1 - trifft gar nicht zu,2 - trifft nicht zu,5 - trifft voll zu,2 - trifft nicht zu,2 - trifft nicht zu,2 - trifft nicht zu,Nie,Nein,Nein,Nein
05.06.2023 10:47:00,D,E,T,L,J,Weiblich,20,3-4 mal die Woche,"Kraftsport, Fitness-Kurse, Tanzen",Ja,2 - trifft nicht zu,4 - trifft zu,2 - trifft nicht zu,1 - trifft gar nicht zu,1 - trifft gar nicht zu,5 - trifft voll zu,4 - trifft zu,2 - trifft nicht zu,5 - trifft voll zu,5 - trifft voll zu,1 - trifft gar nicht zu,2 - trifft nicht zu,3- trifft teilweise zu,5 - trifft voll zu,4 - trifft zu,4 - trifft zu,1 - trifft gar nicht zu,3- trifft teilweise zu,1 - trifft gar nicht zu,3- trifft teilweise zu,5 - trifft voll zu,3- trifft teilweise zu,4 - trifft zu,1 - trifft gar nicht zu,Bei wenigen Trainings,Zum Tracken meiner Leistungen,Nein,Nein
05.06.2023 10:48:04,U,B,T,B,H,Männlich,27,1-2 mal die Woche,"Joggen, Kraftsport, Ballsportarten (z.B. Fußball, Handball, Basketball, etc.), Schwimmen",Ja,3- trifft teilweise zu,4 - trifft zu,2 - trifft nicht zu,2 - trifft nicht zu,2 - trifft nicht zu,2 - trifft nicht zu,4 - trifft zu,2 - trifft nicht zu,4 - trifft zu,4 - trifft zu,2 - trifft nicht zu,1 - trifft gar nicht zu,3- trifft teilweise zu,4 - trifft zu,2 - trifft nicht zu,4 - trifft zu,1 - trifft gar nicht zu,4 - trifft zu,1 - trifft gar nicht zu,4 - trifft zu,4 - trifft zu,1 - trifft gar nicht zu,3- trifft teilweise zu,1 - trifft gar nicht zu,Bei wenigen Trainings,Zum Tracken meiner Leistungen,Ja,Nein
05.06.2023 10:48:13,A,H,i,H,W,Männlich,24,1-2 mal die Woche,"Kraftsport, Fitness-Kurse",Ja,5 - trifft voll zu,4 - trifft zu,2 - trifft nicht zu,3- trifft teilweise zu,1 - trifft gar nicht zu,4 - trifft zu,5 - trifft voll zu,3- trifft teilweise zu,2 - trifft nicht zu,4 - trifft zu,1 - trifft gar nicht zu,1 - trifft gar nicht zu,3- trifft teilweise zu,3- trifft teilweise zu,4 - trifft zu,4 - trifft zu,1 - trifft gar nicht zu,3- trifft teilweise zu,2 - trifft nicht zu,3- trifft teilweise zu,3- trifft teilweise zu,3- trifft teilweise zu,2 - trifft nicht zu,1 - trifft gar nicht zu,Bei dem Großteil meiner Trainings,"Zum Tracken meiner Leistungen, Um das Training meiner Freunde zu verfolgen",Ja,Nein
05.06.2023 11:01:42,S,G,S,D,S,Weiblich,23,1-2 mal die Woche,"Joggen, Yoga",Ja,4 - trifft zu,4 - trifft zu,4 - trifft zu,1 - trifft gar nicht zu,1 - trifft gar nicht zu,2 - trifft nicht zu,3- trifft teilweise zu,4 - trifft zu,2 - trifft nicht zu,4 - trifft zu,1 - trifft gar nicht zu,1 - trifft gar nicht zu,2 - trifft nicht zu,2 - trifft nicht zu,1 - trifft gar nicht zu,2 - trifft nicht zu,1 - trifft gar nicht zu,1 - trifft gar nicht zu,1 - trifft gar nicht zu,1 - trifft gar nicht zu,2 - trifft nicht zu,1 - trifft gar nicht zu,2 - trifft nicht zu,1 - trifft gar nicht zu,Bei dem Großteil meiner Trainings,"Zum Tracken meiner Leistungen, Um einen Sport-Zeitplan zu erstellen",Ja,Nein
05.06.2023 11:04:49,I,G,R,H,F,Männlich,30,3-4 mal die Woche,Kraftsport,Ja,3- trifft teilweise zu,4 - trifft zu,3- trifft teilweise zu,2 - trifft nicht zu,1 - trifft gar nicht zu,3- trifft teilweise zu,4 - trifft zu,4 - trifft zu,4 - trifft zu,4 - trifft zu,1 - trifft gar nicht zu,2 - trifft nicht zu,3- trifft teilweise zu,3- trifft teilweise zu,2 - trifft nicht zu,4 - trifft zu,1 - trifft gar nicht zu,2 - trifft nicht zu,1 - trifft gar nicht zu,3- trifft teilweise zu,3- trifft teilweise zu,2 - trifft nicht zu,5 - trifft voll zu,1 - trifft gar nicht zu,Bei jedem Training,"Zum Tracken meiner Leistungen, Um mir Ziele zu setzen, Um motivierter zu sein beim Sport",Ja,Ja
05.06.2023 11:06:59,S,C,b,B,G,Männlich,23,Gar nicht,Joggen,Ja,3- trifft teilweise zu,4 - trifft zu,1 - trifft gar nicht zu,2 - trifft nicht zu,1 - trifft gar nicht zu,2 - trifft nicht zu,1 - trifft gar nicht zu,3- trifft teilweise zu,1 - trifft gar nicht zu,3- trifft teilweise zu,1 - trifft gar nicht zu,5 - trifft voll zu,2 - trifft nicht zu,3- trifft teilweise zu,1 - trifft gar nicht zu,1 - trifft gar nicht zu,2 - trifft nicht zu,1 - trifft gar nicht zu,1 - trifft gar nicht zu,2 - trifft nicht zu,1 - trifft gar nicht zu,3- trifft teilweise zu,2 - trifft nicht zu,1 - trifft gar nicht zu,Bei dem Großteil meiner Trainings,"Zum Tracken meiner Leistungen, Um motivierter zu sein beim Sport",Ja,Nein
05.06.2023 11:16:46,T,H,V,H,M,Männlich,27,3-4 mal die Woche,"Kraftsport, Ballsportarten (z.B. Fußball, Handball, Basketball, etc.)",Ja,4 - trifft zu,4 - trifft zu,3- trifft teilweise zu,3- trifft teilweise zu,4 - trifft zu,5 - trifft voll zu,5 - trifft voll zu,4 - trifft zu,4 - trifft zu,5 - trifft voll zu,1 - trifft gar nicht zu,2 - trifft nicht zu,4 - trifft zu,4 - trifft zu,1 - trifft gar nicht zu,4 - trifft zu,2 - trifft nicht zu,4 - trifft zu,1 - trifft gar nicht zu,4 - trifft zu,4 - trifft zu,2 - trifft nicht zu,5 - trifft voll zu,3- trifft teilweise zu,Bei dem Großteil meiner Trainings,Zum Tracken meiner Leistungen,Ja,Ja
05.06.2023 11:22:11,A,F,N,I,U,Weiblich,22,3-4 mal die Woche,"Tanzen, Aerial Hoop",Nein,5 - trifft voll zu,4 - trifft zu,3- trifft teilweise zu,2 - trifft nicht zu,1 - trifft gar nicht zu,5 - trifft voll zu,5 - trifft voll zu,4 - trifft zu,4 - trifft zu,4 - trifft zu,2 - trifft nicht zu,1 - trifft gar nicht zu,4 - trifft zu,5 - trifft voll zu,4 - trifft zu,3- trifft teilweise zu,1 - trifft gar nicht zu,5 - trifft voll zu,2 - trifft nicht zu,5 - trifft voll zu,4 - trifft zu,1 - trifft gar nicht zu,3- trifft teilweise zu,2 - trifft nicht zu,Nie,Um Kurse zu Buchen,Nein,Ja
05.06.2023 11:49:40,N,K,T,S,R,Männlich,23,3-4 mal die Woche,"Joggen, Kraftsport, Kampfsport, Selbstverteidigung",Ja,3- trifft teilweise zu,4 - trifft zu,4 - trifft zu,1 - trifft gar nicht zu,1 - trifft gar nicht zu,5 - trifft voll zu,4 - trifft zu,3- trifft teilweise zu,3- trifft teilweise zu,5 - trifft voll zu,1 - trifft gar nicht zu,1 - trifft gar nicht zu,5 - trifft voll zu,5 - trifft voll zu,1 - trifft gar nicht zu,3- trifft teilweise zu,1 - trifft gar nicht zu,5 - trifft voll zu,1 - trifft gar nicht zu,5 - trifft voll zu,1 - trifft gar nicht zu,1 - trifft gar nicht zu,3- trifft teilweise zu,1 - trifft gar nicht zu,Bei dem Großteil meiner Trainings,Um motivierter zu sein beim Sport,Ja,Nein
05.06.2023 11:56:02,M,H,I,G,R,Männlich,59,3-4 mal die Woche,"Ballsportarten (z.B. Fußball, Handball, Basketball, etc.), Schwimmen, Fitness-Kurse",Ja,5 - trifft voll zu,3- trifft teilweise zu,2 - trifft nicht zu,2 - trifft nicht zu,2 - trifft nicht zu,4 - trifft zu,4 - trifft zu,3- trifft teilweise zu,3- trifft teilweise zu,4 - trifft zu,2 - trifft nicht zu,2 - trifft nicht zu,4 - trifft zu,4 - trifft zu,4 - trifft zu,2 - trifft nicht zu,4 - trifft zu,3- trifft teilweise zu,2 - trifft nicht zu,2 - trifft nicht zu,4 - trifft zu,2 - trifft nicht zu,2 - trifft nicht zu,1 - trifft gar nicht zu,Bei wenigen Trainings,Zum Tracken meiner Leistungen,Ja,Nein
05.06.2023 12:00:43,K,B,N,A,P,Weiblich,23,1-2 mal die Woche,"Fitness-Kurse, Tanzen",Nein,4 - trifft zu,4 - trifft zu,2 - trifft nicht zu,3- trifft teilweise zu,1 - trifft gar nicht zu,2 - trifft nicht zu,3- trifft teilweise zu,3- trifft teilweise zu,4 - trifft zu,4 - trifft zu,1 - trifft gar nicht zu,1 - trifft gar nicht zu,2 - trifft nicht zu,4 - trifft zu,2 - trifft nicht zu,4 - trifft zu,1 - trifft gar nicht zu,2 - trifft nicht zu,1 - trifft gar nicht zu,3- trifft teilweise zu,2 - trifft nicht zu,1 - trifft gar nicht zu,1 - trifft gar nicht zu,1 - trifft gar nicht zu,Bei wenigen Trainings,Um Kurse zu Buchen,Nein,Nein
05.06.2023 12:01:23,L,T,I,Z,F,Männlich,34,Gar nicht,Keine,Ja,1 - trifft gar nicht zu,4 - trifft zu,1 - trifft gar nicht zu,1 - trifft gar nicht zu,1 - trifft gar nicht zu,1 - trifft gar nicht zu,5 - trifft voll zu,1 - trifft gar nicht zu,1 - trifft gar nicht zu,1 - trifft gar nicht zu,1 - trifft gar nicht zu,3- trifft teilweise zu,1 - trifft gar nicht zu,1 - trifft gar nicht zu,1 - trifft gar nicht zu,4 - trifft zu,2 - trifft nicht zu,1 - trifft gar nicht zu,1 - trifft gar nicht zu,1 - trifft gar nicht zu,1 - trifft gar nicht zu,1 - trifft gar nicht zu,4 - trifft zu,1 - trifft gar nicht zu,Bei wenigen Trainings,"Um mir Ziele zu setzen, Um zu wissen wie man Sportübungen korrekt ausführt ",Ja,Ja
05.06.2023 12:08:00,R,S,N,K,T,Männlich,23,5-6 mal die Woche,"Joggen, Ballsportarten (z.B. Fußball, Handball, Basketball, etc.), Klettern",Ja,5 - trifft voll zu,5 - trifft voll zu,3- trifft teilweise zu,3- trifft teilweise zu,2 - trifft nicht zu,5 - trifft voll zu,5 - trifft voll zu,5 - trifft voll zu,5 - trifft voll zu,5 - trifft voll zu,2 - trifft nicht zu,2 - trifft nicht zu,4 - trifft zu,5 - trifft voll zu,4 - trifft zu,5 - trifft voll zu,1 - trifft gar nicht zu,5 - trifft voll zu,5 - trifft voll zu,5 - trifft voll zu,5 - trifft voll zu,2 - trifft nicht zu,3- trifft teilweise zu,4 - trifft zu,Bei wenigen Trainings,"Zum Tracken meiner Leistungen, Um das Training meiner Freunde zu verfolgen, Um motivierter zu sein beim Sport",Ja,Ja
05.06.2023 12:13:12,D,P,R,D,-,Weiblich,23,3-4 mal die Woche,"Joggen, Fitness-Kurse, Tanzen",Ja,4 - trifft zu,4 - trifft zu,4 - trifft zu,1 - trifft gar nicht zu,1 - trifft gar nicht zu,3- trifft teilweise zu,1 - trifft gar nicht zu,3- trifft teilweise zu,5 - trifft voll zu,3- trifft teilweise zu,1 - trifft gar nicht zu,1 - trifft gar nicht zu,3- trifft teilweise zu,4 - trifft zu,3- trifft teilweise zu,2 - trifft nicht zu,1 - trifft gar nicht zu,3- trifft teilweise zu,1 - trifft gar nicht zu,4 - trifft zu,5 - trifft voll zu,2 - trifft nicht zu,2 - trifft nicht zu,1 - trifft gar nicht zu,Bei wenigen Trainings,Workouts,Nein,Nein
05.06.2023 12:13:35,S,S,I,B,L,Männlich,23,3-4 mal die Woche,"Joggen, Ballsportarten (z.B. Fußball, Handball, Basketball, etc.), Klettern",Ja,4 - trifft zu,3- trifft teilweise zu,2 - trifft nicht zu,2 - trifft nicht zu,1 - trifft gar nicht zu,5 - trifft voll zu,4 - trifft zu,3- trifft teilweise zu,2 - trifft nicht zu,4 - trifft zu,1 - trifft gar nicht zu,2 - trifft nicht zu,3- trifft teilweise zu,3- trifft teilweise zu,5 - trifft voll zu,4 - trifft zu,1 - trifft gar nicht zu,4 - trifft zu,2 - trifft nicht zu,4 - trifft zu,4 - trifft zu,2 - trifft nicht zu,4 - trifft zu,2 - trifft nicht zu,Bei wenigen Trainings,"Zum Tracken meiner Leistungen, Um Kurse zu Buchen",Ja,Nein
05.06.2023 12:14:26,A,R,N,W,L,Weiblich,23,1-2 mal die Woche,"Joggen, Tennis",Ja,3- trifft teilweise zu,4 - trifft zu,2 - trifft nicht zu,2 - trifft nicht zu,1 - trifft gar nicht zu,3- trifft teilweise zu,4 - trifft zu,3- trifft teilweise zu,4 - trifft zu,3- trifft teilweise zu,1 - trifft gar nicht zu,1 - trifft gar nicht zu,4 - trifft zu,4 - trifft zu,2 - trifft nicht zu,4 - trifft zu,1 - trifft gar nicht zu,5 - trifft voll zu,2 - trifft nicht zu,4 - trifft zu,5 - trifft voll zu,1 - trifft gar nicht zu,2 - trifft nicht zu,2 - trifft nicht zu,Bei wenigen Trainings,"Zum Tracken meiner Leistungen, Um motivierter zu sein beim Sport",Ja,Nein
05.06.2023 12:39:17,K,K,1,K,G,Weiblich,22,1-2 mal die Woche,"Kraftsport, Fitness-Kurse, Tanzen",Ja,1 - trifft gar nicht zu,4 - trifft zu,3- trifft teilweise zu,2 - trifft nicht zu,2 - trifft nicht zu,1 - trifft gar nicht zu,4 - trifft zu,2 - trifft nicht zu,1 - trifft gar nicht zu,5 - trifft voll zu,1 - trifft gar nicht zu,2 - trifft nicht zu,1 - trifft gar nicht zu,1 - trifft gar nicht zu,3- trifft teilweise zu,5 - trifft voll zu,1 - trifft gar nicht zu,4 - trifft zu,1 - trifft gar nicht zu,1 - trifft gar nicht zu,1 - trifft gar nicht zu,2 - trifft nicht zu,1 - trifft gar nicht zu,1 - trifft gar nicht zu,Bei wenigen Trainings,"Zum Tracken meiner Leistungen, Um das Training meiner Freunde zu verfolgen, Um Kurse zu Buchen",Nein,Ja
05.06.2023 12:48:11,J,S,R,W,W,Männlich,23,Jeden Tag,"Kraftsport, Ballsportarten (z.B. Fußball, Handball, Basketball, etc.), Schwimmen, Fitness-Kurse, Tanzen",Ja,4 - trifft zu,5 - trifft voll zu,3- trifft teilweise zu,1 - trifft gar nicht zu,1 - trifft gar nicht zu,4 - trifft zu,5 - trifft voll zu,4 - trifft zu,5 - trifft voll zu,5 - trifft voll zu,2 - trifft nicht zu,1 - trifft gar nicht zu,4 - trifft zu,4 - trifft zu,4 - trifft zu,3- trifft teilweise zu,1 - trifft gar nicht zu,4 - trifft zu,3- trifft teilweise zu,5 - trifft voll zu,5 - trifft voll zu,1 - trifft gar nicht zu,5 - trifft voll zu,2 - trifft nicht zu,Bei dem Großteil meiner Trainings,"Zum Tracken meiner Leistungen, Um das Training meiner Freunde zu verfolgen",Ja,Nein
05.06.2023 12:51:22,W,H,R,E,W,Weiblich,28,1-2 mal die Woche,Yoga,Nein,4 - trifft zu,4 - trifft zu,2 - trifft nicht zu,2 - trifft nicht zu,2 - trifft nicht zu,2 - trifft nicht zu,3- trifft teilweise zu,3- trifft teilweise zu,3- trifft teilweise zu,4 - trifft zu,2 - trifft nicht zu,2 - trifft nicht zu,3- trifft teilweise zu,2 - trifft nicht zu,2 - trifft nicht zu,4 - trifft zu,2 - trifft nicht zu,3- trifft teilweise zu,2 - trifft nicht zu,3- trifft teilweise zu,4 - trifft zu,5 - trifft voll zu,3- trifft teilweise zu,3- trifft teilweise zu,Nie,Verwende keine,Ja,Nein
05.06.2023 13:13:48,U,K,R,K,F,Männlich,24,3-4 mal die Woche,"Joggen, Ballsportarten (z.B. Fußball, Handball, Basketball, etc.), Schwimmen, Wandern",Ja,5 - trifft voll zu,4 - trifft zu,3- trifft teilweise zu,2 - trifft nicht zu,1 - trifft gar nicht zu,3- trifft teilweise zu,4 - trifft zu,2 - trifft nicht zu,4 - trifft zu,5 - trifft voll zu,1 - trifft gar nicht zu,1 - trifft gar nicht zu,3- trifft teilweise zu,4 - trifft zu,2 - trifft nicht zu,4 - trifft zu,1 - trifft gar nicht zu,3- trifft teilweise zu,1 - trifft gar nicht zu,4 - trifft zu,3- trifft teilweise zu,1 - trifft gar nicht zu,3- trifft teilweise zu,2 - trifft nicht zu,Bei dem Großteil meiner Trainings,"Zum Tracken meiner Leistungen, Um das Training meiner Freunde zu verfolgen, Um motivierter zu sein beim Sport",Ja,Ja
05.06.2023 13:45:49,A,W,B,G,W,Weiblich,24,3-4 mal die Woche,"Joggen, Kraftsport, Schwimmen, Fitness-Kurse",Ja,4 - trifft zu,5 - trifft voll zu,3- trifft teilweise zu,3- trifft teilweise zu,1 - trifft gar nicht zu,2 - trifft nicht zu,4 - trifft zu,3- trifft teilweise zu,4 - trifft zu,5 - trifft voll zu,2 - trifft nicht zu,1 - trifft gar nicht zu,4 - trifft zu,3- trifft teilweise zu,3- trifft teilweise zu,4 - trifft zu,1 - trifft gar nicht zu,2 - trifft nicht zu,3- trifft teilweise zu,3- trifft teilweise zu,4 - trifft zu,1 - trifft gar nicht zu,4 - trifft zu,2 - trifft nicht zu,Bei dem Großteil meiner Trainings,"Zum Tracken meiner Leistungen, Um Kurse zu Buchen",Ja,Nein
05.06.2023 13:52:07,A,S,r,B,M,Weiblich,23,3-4 mal die Woche,"Joggen, Kraftsport, Ballsportarten (z.B. Fußball, Handball, Basketball, etc.), Fitness-Kurse, Tanzen",Ja,5 - trifft voll zu,5 - trifft voll zu,3- trifft teilweise zu,4 - trifft zu,2 - trifft nicht zu,3- trifft teilweise zu,5 - trifft voll zu,5 - trifft voll zu,5 - trifft voll zu,5 - trifft voll zu,2 - trifft nicht zu,1 - trifft gar nicht zu,4 - trifft zu,4 - trifft zu,3- trifft teilweise zu,5 - trifft voll zu,1 - trifft gar nicht zu,3- trifft teilweise zu,3- trifft teilweise zu,5 - trifft voll zu,5 - trifft voll zu,1 - trifft gar nicht zu,5 - trifft voll zu,4 - trifft zu,Bei dem Großteil meiner Trainings,"Zum Tracken meiner Leistungen, Kurse anzuschauen",Ja,Nein
05.06.2023 13:54:55,B,F,V,L,P,Weiblich,22,1-2 mal die Woche,Joggen,Ja,3- trifft teilweise zu,4 - trifft zu,3- trifft teilweise zu,3- trifft teilweise zu,1 - trifft gar nicht zu,4 - trifft zu,2 - trifft nicht zu,4 - trifft zu,4 - trifft zu,4 - trifft zu,4 - trifft zu,2 - trifft nicht zu,4 - trifft zu,3- trifft teilweise zu,2 - trifft nicht zu,4 - trifft zu,1 - trifft gar nicht zu,4 - trifft zu,3- trifft teilweise zu,3- trifft teilweise zu,3- trifft teilweise zu,2 - trifft nicht zu,2 - trifft nicht zu,2 - trifft nicht zu,Bei jedem Training,"Zum Tracken meiner Leistungen, Um mir Ziele zu setzen, Um motivierter zu sein beim Sport",Ja,Nein
05.06.2023 14:30:08,M,M,z,M,L,Weiblich,39,3-4 mal die Woche,"Joggen, Ballsportarten (z.B. Fußball, Handball, Basketball, etc.)",Ja,5 - trifft voll zu,3- trifft teilweise zu,1 - trifft gar nicht zu,1 - trifft gar nicht zu,1 - trifft gar nicht zu,4 - trifft zu,4 - trifft zu,4 - trifft zu,4 - trifft zu,5 - trifft voll zu,2 - trifft nicht zu,2 - trifft nicht zu,5 - trifft voll zu,5 - trifft voll zu,3- trifft teilweise zu,4 - trifft zu,1 - trifft gar nicht zu,5 - trifft voll zu,1 - trifft gar nicht zu,4 - trifft zu,5 - trifft voll zu,1 - trifft gar nicht zu,4 - trifft zu,2 - trifft nicht zu,Bei dem Großteil meiner Trainings,"Zum Tracken meiner Leistungen, Um das Training meiner Freunde zu verfolgen, Um mir Ziele zu setzen, Um motivierter zu sein beim Sport",Ja,Ja
05.06.2023 14:45:11,C,P,r,T,E,Männlich,24,1-2 mal die Woche,"Joggen, Ballsportarten (z.B. Fußball, Handball, Basketball, etc.), Schwimmen",Ja,5 - trifft voll zu,3- trifft teilweise zu,2 - trifft nicht zu,1 - trifft gar nicht zu,1 - trifft gar nicht zu,4 - trifft zu,3- trifft teilweise zu,5 - trifft voll zu,5 - trifft voll zu,3- trifft teilweise zu,2 - trifft nicht zu,1 - trifft gar nicht zu,5 - trifft voll zu,4 - trifft zu,2 - trifft nicht zu,5 - trifft voll zu,1 - trifft gar nicht zu,5 - trifft voll zu,1 - trifft gar nicht zu,5 - trifft voll zu,5 - trifft voll zu,2 - trifft nicht zu,4 - trifft zu,1 - trifft gar nicht zu,Bei wenigen Trainings,"Zum Tracken meiner Leistungen, Um Kurse zu Buchen",Nein,Nein
05.06.2023 15:16:55,L,U,T,P,W,Keine Angabe,25,3-4 mal die Woche,"Kraftsport, Sportklettern",Ja,3- trifft teilweise zu,3- trifft teilweise zu,2 - trifft nicht zu,2 - trifft nicht zu,2 - trifft nicht zu,4 - trifft zu,5 - trifft voll zu,3- trifft teilweise zu,2 - trifft nicht zu,3- trifft teilweise zu,1 - trifft gar nicht zu,2 - trifft nicht zu,2 - trifft nicht zu,3- trifft teilweise zu,5 - trifft voll zu,2 - trifft nicht zu,1 - trifft gar nicht zu,3- trifft teilweise zu,2 - trifft nicht zu,4 - trifft zu,2 - trifft nicht zu,2 - trifft nicht zu,3- trifft teilweise zu,2 - trifft nicht zu,Bei wenigen Trainings,Zum Tracken meiner Leistungen,Nein,Nein
05.06.2023 15:57:20,M,N,I,B,F,Weiblich,25,3-4 mal die Woche,"Kraftsport, Ballsportarten (z.B. Fußball, Handball, Basketball, etc.)",Ja,5 - trifft voll zu,4 - trifft zu,4 - trifft zu,1 - trifft gar nicht zu,1 - trifft gar nicht zu,3- trifft teilweise zu,4 - trifft zu,3- trifft teilweise zu,5 - trifft voll zu,3- trifft teilweise zu,3- trifft teilweise zu,2 - trifft nicht zu,4 - trifft zu,4 - trifft zu,5 - trifft voll zu,3- trifft teilweise zu,1 - trifft gar nicht zu,4 - trifft zu,4 - trifft zu,4 - trifft zu,5 - trifft voll zu,2 - trifft nicht zu,3- trifft teilweise zu,2 - trifft nicht zu,Bei dem Großteil meiner Trainings,"Zum Tracken meiner Leistungen, Um das Training meiner Freunde zu verfolgen, Um mir Ziele zu setzen, Um motivierter zu sein beim Sport",Ja,Ja
05.06.2023 16:17:25,M,H,i,D,C,Weiblich,18,3-4 mal die Woche,"Joggen, Ballsportarten (z.B. Fußball, Handball, Basketball, etc.)",Ja,4 - trifft zu,5 - trifft voll zu,3- trifft teilweise zu,2 - trifft nicht zu,1 - trifft gar nicht zu,4 - trifft zu,4 - trifft zu,4 - trifft zu,3- trifft teilweise zu,4 - trifft zu,2 - trifft nicht zu,1 - trifft gar nicht zu,5 - trifft voll zu,5 - trifft voll zu,2 - trifft nicht zu,4 - trifft zu,1 - trifft gar nicht zu,4 - trifft zu,3- trifft teilweise zu,4 - trifft zu,5 - trifft voll zu,3- trifft teilweise zu,4 - trifft zu,2 - trifft nicht zu,Bei wenigen Trainings,Um mir Ziele zu setzen,Ja,Ja
05.06.2023 17:17:57,M,S,L,N,B,Männlich,24,Gar nicht,Joggen,Ja,2 - trifft nicht zu,3- trifft teilweise zu,1 - trifft gar nicht zu,1 - trifft gar nicht zu,1 - trifft gar nicht zu,1 - trifft gar nicht zu,3- trifft teilweise zu,2 - trifft nicht zu,1 - trifft gar nicht zu,1 - trifft gar nicht zu,1 - trifft gar nicht zu,4 - trifft zu,2 - trifft nicht zu,2 - trifft nicht zu,3- trifft teilweise zu,1 - trifft gar nicht zu,1 - trifft gar nicht zu,1 - trifft gar nicht zu,1 - trifft gar nicht zu,1 - trifft gar nicht zu,1 - trifft gar nicht zu,3- trifft teilweise zu,2 - trifft nicht zu,1 - trifft gar nicht zu,Bei wenigen Trainings,"Zum Tracken meiner Leistungen, Um einen Sport-Zeitplan zu erstellen, Um mir Ziele zu setzen, Um motivierter zu sein beim Sport",Ja,Nein
05.06.2023 17:23:42,R,S,P,K,N,Männlich,22,5-6 mal die Woche,Kraftsport,Ja,5 - trifft voll zu,5 - trifft voll zu,3- trifft teilweise zu,2 - trifft nicht zu,1 - trifft gar nicht zu,5 - trifft voll zu,5 - trifft voll zu,3- trifft teilweise zu,5 - trifft voll zu,5 - trifft voll zu,2 - trifft nicht zu,1 - trifft gar nicht zu,5 - trifft voll zu,5 - trifft voll zu,3- trifft teilweise zu,5 - trifft voll zu,1 - trifft gar nicht zu,5 - trifft voll zu,1 - trifft gar nicht zu,5 - trifft voll zu,5 - trifft voll zu,1 - trifft gar nicht zu,5 - trifft voll zu,1 - trifft gar nicht zu,Bei jedem Training,Zum Tracken meiner Leistungen,Ja,Nein
05.06.2023 18:55:46,M,H,I,B,R,Weiblich,56,3-4 mal die Woche,"Schwimmen, Pilates",Nein,3- trifft teilweise zu,4 - trifft zu,3- trifft teilweise zu,1 - trifft gar nicht zu,1 - trifft gar nicht zu,2 - trifft nicht zu,5 - trifft voll zu,4 - trifft zu,2 - trifft nicht zu,5 - trifft voll zu,1 - trifft gar nicht zu,1 - trifft gar nicht zu,2 - trifft nicht zu,2 - trifft nicht zu,2 - trifft nicht zu,4 - trifft zu,1 - trifft gar nicht zu,1 - trifft gar nicht zu,1 - trifft gar nicht zu,2 - trifft nicht zu,2 - trifft nicht zu,2 - trifft nicht zu,5 - trifft voll zu,3- trifft teilweise zu,Nie,"Zum Tracken meiner Leistungen, Um Kurse zu Buchen",Ja,Nein
05.06.2023 19:10:22,I,W,Z,F,J,Weiblich,32,1-2 mal die Woche,Joggen,Ja,5 - trifft voll zu,5 - trifft voll zu,4 - trifft zu,2 - trifft nicht zu,1 - trifft gar nicht zu,4 - trifft zu,4 - trifft zu,3- trifft teilweise zu,4 - trifft zu,5 - trifft voll zu,1 - trifft gar nicht zu,1 - trifft gar nicht zu,4 - trifft zu,5 - trifft voll zu,1 - trifft gar nicht zu,4 - trifft zu,1 - trifft gar nicht zu,2 - trifft nicht zu,1 - trifft gar nicht zu,3- trifft teilweise zu,4 - trifft zu,1 - trifft gar nicht zu,4 - trifft zu,1 - trifft gar nicht zu,Bei jedem Training,"Zum Tracken meiner Leistungen, Um mir Ziele zu setzen, Um motivierter zu sein beim Sport",Ja,Nein
05.06.2023 19:36:19,U,B,V,H,M,Männlich,27,1-2 mal die Woche,Kraftsport,Ja,3- trifft teilweise zu,2 - trifft nicht zu,1 - trifft gar nicht zu,1 - trifft gar nicht zu,1 - trifft gar nicht zu,1 - trifft gar nicht zu,4 - trifft zu,1 - trifft gar nicht zu,1 - trifft gar nicht zu,3- trifft teilweise zu,1 - trifft gar nicht zu,2 - trifft nicht zu,1 - trifft gar nicht zu,1 - trifft gar nicht zu,1 - trifft gar nicht zu,3- trifft teilweise zu,2 - trifft nicht zu,2 - trifft nicht zu,2 - trifft nicht zu,3- trifft teilweise zu,3- trifft teilweise zu,3- trifft teilweise zu,3- trifft teilweise zu,1 - trifft gar nicht zu,Bei dem Großteil meiner Trainings,Zum Tracken meiner Leistungen,Ja,Ja
05.06.2023 19:40:10,C,B,V,G,W,Männlich,31,3-4 mal die Woche,"Kraftsport, Ballsportarten (z.B. Fußball, Handball, Basketball, etc.), Fitness-Kurse",Ja,4 - trifft zu,5 - trifft voll zu,3- trifft teilweise zu,2 - trifft nicht zu,3- trifft teilweise zu,4 - trifft zu,5 - trifft voll zu,3- trifft teilweise zu,4 - trifft zu,5 - trifft voll zu,1 - trifft gar nicht zu,1 - trifft gar nicht zu,1 - trifft gar nicht zu,3- trifft teilweise zu,2 - trifft nicht zu,3- trifft teilweise zu,1 - trifft gar nicht zu,1 - trifft gar nicht zu,1 - trifft gar nicht zu,3- trifft teilweise zu,3- trifft teilweise zu,1 - trifft gar nicht zu,2 - trifft nicht zu,2 - trifft nicht zu,Bei wenigen Trainings,Um Kurse zu Buchen,Nein,Nein
05.06.2023 19:42:43,K,K,R,K,C,Männlich,25,3-4 mal die Woche,"Kraftsport, Fitness-Kurse",Nein,5 - trifft voll zu,5 - trifft voll zu,2 - trifft nicht zu,2 - trifft nicht zu,1 - trifft gar nicht zu,4 - trifft zu,4 - trifft zu,4 - trifft zu,5 - trifft voll zu,4 - trifft zu,3- trifft teilweise zu,1 - trifft gar nicht zu,5 - trifft voll zu,3- trifft teilweise zu,1 - trifft gar nicht zu,5 - trifft voll zu,1 - trifft gar nicht zu,4 - trifft zu,2 - trifft nicht zu,4 - trifft zu,5 - trifft voll zu,1 - trifft gar nicht zu,5 - trifft voll zu,4 - trifft zu,Nie,"Zum Tracken meiner Leistungen, Um mir Ziele zu setzen, Ich tracke mein Essen auch mit der App, von Underarmour",Ja,Ja
05.06.2023 19:59:11,K,E,R,G,L,Männlich,27,3-4 mal die Woche,"Ballsportarten (z.B. Fußball, Handball, Basketball, etc.), Golf",Ja,4 - trifft zu,4 - trifft zu,2 - trifft nicht zu,2 - trifft nicht zu,1 - trifft gar nicht zu,4 - trifft zu,4 - trifft zu,2 - trifft nicht zu,5 - trifft voll zu,4 - trifft zu,2 - trifft nicht zu,1 - trifft gar nicht zu,4 - trifft zu,5 - trifft voll zu,4 - trifft zu,4 - trifft zu,1 - trifft gar nicht zu,4 - trifft zu,2 - trifft nicht zu,4 - trifft zu,4 - trifft zu,1 - trifft gar nicht zu,2 - trifft nicht zu,2 - trifft nicht zu,Bei wenigen Trainings,Zum Tracken meiner Leistungen,Nein,Nein
05.06.2023 21:07:40,A,K,N,D,U,Weiblich,26,3-4 mal die Woche,"Ballsportarten (z.B. Fußball, Handball, Basketball, etc.)",Ja,5 - trifft voll zu,4 - trifft zu,3- trifft teilweise zu,2 - trifft nicht zu,1 - trifft gar nicht zu,4 - trifft zu,5 - trifft voll zu,5 - trifft voll zu,5 - trifft voll zu,5 - trifft voll zu,2 - trifft nicht zu,2 - trifft nicht zu,5 - trifft voll zu,5 - trifft voll zu,5 - trifft voll zu,5 - trifft voll zu,1 - trifft gar nicht zu,4 - trifft zu,3- trifft teilweise zu,4 - trifft zu,5 - trifft voll zu,3- trifft teilweise zu,4 - trifft zu,3- trifft teilweise zu,Bei wenigen Trainings,Wandern,Nein,Nein
05.06.2023 21:33:34,U,E,Z,K,R,Männlich,26,1-2 mal die Woche,"Kraftsport, Ballsportarten (z.B. Fußball, Handball, Basketball, etc.)",Ja,3- trifft teilweise zu,4 - trifft zu,1 - trifft gar nicht zu,4 - trifft zu,1 - trifft gar nicht zu,5 - trifft voll zu,5 - trifft voll zu,3- trifft teilweise zu,4 - trifft zu,5 - trifft voll zu,5 - trifft voll zu,1 - trifft gar nicht zu,3- trifft teilweise zu,4 - trifft zu,4 - trifft zu,5 - trifft voll zu,1 - trifft gar nicht zu,5 - trifft voll zu,1 - trifft gar nicht zu,5 - trifft voll zu,5 - trifft voll zu,2 - trifft nicht zu,5 - trifft voll zu,3- trifft teilweise zu,Bei wenigen Trainings,"Zum Tracken meiner Leistungen, Um mir Ziele zu setzen, Um motivierter zu sein beim Sport",Ja,Ja
05.06.2023 22:01:45,A,A,R,W,M,Männlich,26,5-6 mal die Woche,"Joggen, Kraftsport, Ballsportarten (z.B. Fußball, Handball, Basketball, etc.)",Ja,4 - trifft zu,4 - trifft zu,3- trifft teilweise zu,2 - trifft nicht zu,1 - trifft gar nicht zu,2 - trifft nicht zu,3- trifft teilweise zu,5 - trifft voll zu,5 - trifft voll zu,5 - trifft voll zu,1 - trifft gar nicht zu,1 - trifft gar nicht zu,3- trifft teilweise zu,4 - trifft zu,2 - trifft nicht zu,3- trifft teilweise zu,1 - trifft gar nicht zu,2 - trifft nicht zu,1 - trifft gar nicht zu,5 - trifft voll zu,5 - trifft voll zu,2 - trifft nicht zu,3- trifft teilweise zu,1 - trifft gar nicht zu,Bei jedem Training,"Zum Tracken meiner Leistungen, Um Korrelationen zwischen meinem Trainingspensum und meiner Gesundheit auswerten zu können",Ja,Nein
05.06.2023 22:53:47,B,E,G,L,T,Männlich,27,1-2 mal die Woche,"Joggen, Schwimmen, Fahrrad fahren",Ja,4 - trifft zu,4 - trifft zu,2 - trifft nicht zu,3- trifft teilweise zu,1 - trifft gar nicht zu,3- trifft teilweise zu,5 - trifft voll zu,1 - trifft gar nicht zu,2 - trifft nicht zu,3- trifft teilweise zu,3- trifft teilweise zu,1 - trifft gar nicht zu,2 - trifft nicht zu,4 - trifft zu,1 - trifft gar nicht zu,4 - trifft zu,1 - trifft gar nicht zu,2 - trifft nicht zu,3- trifft teilweise zu,3- trifft teilweise zu,1 - trifft gar nicht zu,3- trifft teilweise zu,4 - trifft zu,2 - trifft nicht zu,Bei dem Großteil meiner Trainings,"Zum Tracken meiner Leistungen, Um mir Ziele zu setzen, Um motivierter zu sein beim Sport",Ja,Nein
05.06.2023 23:34:49,A,B,B,K,D,Männlich,26,5-6 mal die Woche,"Joggen, Kraftsport, Schwimmen, Fitness-Kurse",Ja,4 - trifft zu,5 - trifft voll zu,3- trifft teilweise zu,3- trifft teilweise zu,2 - trifft nicht zu,4 - trifft zu,4 - trifft zu,3- trifft teilweise zu,4 - trifft zu,5 - trifft voll zu,2 - trifft nicht zu,1 - trifft gar nicht zu,4 - trifft zu,3- trifft teilweise zu,2 - trifft nicht zu,1 - trifft gar nicht zu,1 - trifft gar nicht zu,4 - trifft zu,2 - trifft nicht zu,3- trifft teilweise zu,4 - trifft zu,1 - trifft gar nicht zu,2 - trifft nicht zu,2 - trifft nicht zu,Bei jedem Training,"Zum Tracken meiner Leistungen, Um das Training meiner Freunde zu verfolgen, Um Kurse zu Buchen, Um motivierter zu sein beim Sport",Ja,Ja
06.06.2023 02:13:51,C,D,I,K,T,Weiblich,25,Jeden Tag,"Joggen, Kraftsport, Fitness-Kurse, Tanzen",Ja,4 - trifft zu,4 - trifft zu,4 - trifft zu,3- trifft teilweise zu,2 - trifft nicht zu,3- trifft teilweise zu,3- trifft teilweise zu,3- trifft teilweise zu,4 - trifft zu,4 - trifft zu,2 - trifft nicht zu,1 - trifft gar nicht zu,5 - trifft voll zu,5 - trifft voll zu,5 - trifft voll zu,5 - trifft voll zu,1 - trifft gar nicht zu,4 - trifft zu,3- trifft teilweise zu,4 - trifft zu,5 - trifft voll zu,1 - trifft gar nicht zu,5 - trifft voll zu,1 - trifft gar nicht zu,Bei wenigen Trainings,Zum Tracken meiner Leistungen,Nein,Nein
06.06.2023 06:52:40,S,K,n,G,C,Männlich,24,5-6 mal die Woche,"Kraftsport, Tischtennis",Ja,4 - trifft zu,4 - trifft zu,3- trifft teilweise zu,3- trifft teilweise zu,3- trifft teilweise zu,4 - trifft zu,5 - trifft voll zu,4 - trifft zu,4 - trifft zu,5 - trifft voll zu,3- trifft teilweise zu,2 - trifft nicht zu,4 - trifft zu,4 - trifft zu,3- trifft teilweise zu,4 - trifft zu,1 - trifft gar nicht zu,4 - trifft zu,3- trifft teilweise zu,4 - trifft zu,4 - trifft zu,1 - trifft gar nicht zu,4 - trifft zu,3- trifft teilweise zu,Bei dem Großteil meiner Trainings,"Zum Tracken meiner Leistungen, Um motivierter zu sein beim Sport",Ja,Nein
06.06.2023 08:09:17,M,W,G,B,R,Männlich,20,3-4 mal die Woche,Tanzen,Ja,5 - trifft voll zu,4 - trifft zu,3- trifft teilweise zu,2 - trifft nicht zu,1 - trifft gar nicht zu,5 - trifft voll zu,4 - trifft zu,3- trifft teilweise zu,4 - trifft zu,4 - trifft zu,1 - trifft gar nicht zu,2 - trifft nicht zu,4 - trifft zu,5 - trifft voll zu,4 - trifft zu,4 - trifft zu,1 - trifft gar nicht zu,3- trifft teilweise zu,2 - trifft nicht zu,4 - trifft zu,5 - trifft voll zu,2 - trifft nicht zu,4 - trifft zu,2 - trifft nicht zu,Bei dem Großteil meiner Trainings,Zum Tracken meiner Leistungen,Nein,Nein
06.06.2023 08:17:10,K,S,I,D,W,Männlich,59,5-6 mal die Woche,"Joggen, Kraftsport, Ballsportarten (z.B. Fußball, Handball, Basketball, etc.)",Nein,5 - trifft voll zu,5 - trifft voll zu,1 - trifft gar nicht zu,1 - trifft gar nicht zu,1 - trifft gar nicht zu,4 - trifft zu,5 - trifft voll zu,4 - trifft zu,5 - trifft voll zu,5 - trifft voll zu,1 - trifft gar nicht zu,5 - trifft voll zu,5 - trifft voll zu,5 - trifft voll zu,1 - trifft gar nicht zu,5 - trifft voll zu,3- trifft teilweise zu,3- trifft teilweise zu,5 - trifft voll zu,1 - trifft gar nicht zu,5 - trifft voll zu,1 - trifft gar nicht zu,1 - trifft gar nicht zu,1 - trifft gar nicht zu,Nie,Um motivierter zu sein beim Sport,Ja,Nein
06.06.2023 08:23:53,M,M,T,P,G,Männlich,22,1-2 mal die Woche,"Kraftsport, Ballsportarten (z.B. Fußball, Handball, Basketball, etc.)",Ja,3- trifft teilweise zu,4 - trifft zu,4 - trifft zu,2 - trifft nicht zu,3- trifft teilweise zu,3- trifft teilweise zu,4 - trifft zu,3- trifft teilweise zu,2 - trifft nicht zu,5 - trifft voll zu,1 - trifft gar nicht zu,4 - trifft zu,4 - trifft zu,3- trifft teilweise zu,3- trifft teilweise zu,4 - trifft zu,2 - trifft nicht zu,3- trifft teilweise zu,2 - trifft nicht zu,3- trifft teilweise zu,4 - trifft zu,3- trifft teilweise zu,4 - trifft zu,1 - trifft gar nicht zu,Bei dem Großteil meiner Trainings,"Zum Tracken meiner Leistungen, Um mir Ziele zu setzen, Um motivierter zu sein beim Sport",Ja,Nein
06.06.2023 10:01:16,S,K,R,İ,O,Männlich,65,3-4 mal die Woche,"Golfen,Fahrradfahren,Laufen",Ja,4 - trifft zu,4 - trifft zu,2 - trifft nicht zu,2 - trifft nicht zu,1 - trifft gar nicht zu,4 - trifft zu,5 - trifft voll zu,3- trifft teilweise zu,3- trifft teilweise zu,4 - trifft zu,1 - trifft gar nicht zu,2 - trifft nicht zu,2 - trifft nicht zu,4 - trifft zu,3- trifft teilweise zu,4 - trifft zu,1 - trifft gar nicht zu,2 - trifft nicht zu,1 - trifft gar nicht zu,2 - trifft nicht zu,3- trifft teilweise zu,1 - trifft gar nicht zu,4 - trifft zu,1 - trifft gar nicht zu,Bei wenigen Trainings,Zum Tracken meiner Leistungen,Ja,Ja
06.06.2023 10:04:41,R,H,B,M,A,Männlich,28,1-2 mal die Woche,"Kraftsport, Fitness-Kurse",Ja,4 - trifft zu,4 - trifft zu,1 - trifft gar nicht zu,3- trifft teilweise zu,2 - trifft nicht zu,3- trifft teilweise zu,4 - trifft zu,2 - trifft nicht zu,3- trifft teilweise zu,4 - trifft zu,3- trifft teilweise zu,1 - trifft gar nicht zu,3- trifft teilweise zu,4 - trifft zu,2 - trifft nicht zu,3- trifft teilweise zu,1 - trifft gar nicht zu,2 - trifft nicht zu,2 - trifft nicht zu,3- trifft teilweise zu,3- trifft teilweise zu,4 - trifft zu,4 - trifft zu,1 - trifft gar nicht zu,Bei wenigen Trainings,"Zum Tracken meiner Leistungen, Um Kurse zu Buchen",Ja,Nein
06.06.2023 10:56:59,J,W,P,K,C,Männlich,24,3-4 mal die Woche,"Joggen, Kraftsport, Ballsportarten (z.B. Fußball, Handball, Basketball, etc.)",Ja,5 - trifft voll zu,4 - trifft zu,3- trifft teilweise zu,2 - trifft nicht zu,1 - trifft gar nicht zu,4 - trifft zu,2 - trifft nicht zu,3- trifft teilweise zu,5 - trifft voll zu,4 - trifft zu,1 - trifft gar nicht zu,1 - trifft gar nicht zu,4 - trifft zu,4 - trifft zu,4 - trifft zu,3- trifft teilweise zu,1 - trifft gar nicht zu,4 - trifft zu,4 - trifft zu,4 - trifft zu,5 - trifft voll zu,1 - trifft gar nicht zu,2 - trifft nicht zu,1 - trifft gar nicht zu,Bei wenigen Trainings,"Zum Tracken meiner Leistungen, Um Kurse zu Buchen",Ja,Ja
06.06.2023 11:45:46,N,N,N,B,O,Weiblich,21,3-4 mal die Woche,"Joggen, Kraftsport",Ja,4 - trifft zu,4 - trifft zu,3- trifft teilweise zu,2 - trifft nicht zu,1 - trifft gar nicht zu,4 - trifft zu,3- trifft teilweise zu,4 - trifft zu,4 - trifft zu,4 - trifft zu,1 - trifft gar nicht zu,1 - trifft gar nicht zu,4 - trifft zu,5 - trifft voll zu,2 - trifft nicht zu,4 - trifft zu,1 - trifft gar nicht zu,5 - trifft voll zu,3- trifft teilweise zu,4 - trifft zu,5 - trifft voll zu,1 - trifft gar nicht zu,3- trifft teilweise zu,1 - trifft gar nicht zu,Bei wenigen Trainings,"Zum Tracken meiner Leistungen, Um Kurse zu Buchen",Nein,Nein
06.06.2023 13:47:36,M,L,G,B,L,Weiblich,52,1-2 mal die Woche,Fitness-Kurse,Ja,4 - trifft zu,4 - trifft zu,4 - trifft zu,1 - trifft gar nicht zu,3- trifft teilweise zu,4 - trifft zu,5 - trifft voll zu,4 - trifft zu,4 - trifft zu,5 - trifft voll zu,1 - trifft gar nicht zu,2 - trifft nicht zu,4 - trifft zu,4 - trifft zu,2 - trifft nicht zu,3- trifft teilweise zu,1 - trifft gar nicht zu,4 - trifft zu,1 - trifft gar nicht zu,2 - trifft nicht zu,4 - trifft zu,4 - trifft zu,5 - trifft voll zu,2 - trifft nicht zu,Bei wenigen Trainings,"Um Kurse zu Buchen, Um motivierter zu sein beim Sport",Ja,Nein
06.06.2023 14:31:57,B,B,V,P,A,Weiblich,23,3-4 mal die Woche,"Joggen, Kraftsport, Tanzen",Ja,5 - trifft voll zu,5 - trifft voll zu,5 - trifft voll zu,3- trifft teilweise zu,1 - trifft gar nicht zu,5 - trifft voll zu,3- trifft teilweise zu,5 - trifft voll zu,5 - trifft voll zu,5 - trifft voll zu,2 - trifft nicht zu,1 - trifft gar nicht zu,4 - trifft zu,5 - trifft voll zu,3- trifft teilweise zu,5 - trifft voll zu,1 - trifft gar nicht zu,5 - trifft voll zu,2 - trifft nicht zu,5 - trifft voll zu,5 - trifft voll zu,1 - trifft gar nicht zu,2 - trifft nicht zu,2 - trifft nicht zu,Bei wenigen Trainings,Zum Tracken meiner Leistungen,Nein,Ja
06.06.2023 15:00:08,C,L,I,K,D,Männlich,24,5-6 mal die Woche,"Kraftsport, Ballsportarten (z.B. Fußball, Handball, Basketball, etc.), Schwimmen",Ja,3- trifft teilweise zu,5 - trifft voll zu,3- trifft teilweise zu,4 - trifft zu,3- trifft teilweise zu,4 - trifft zu,4 - trifft zu,4 - trifft zu,3- trifft teilweise zu,5 - trifft voll zu,2 - trifft nicht zu,1 - trifft gar nicht zu,3- trifft teilweise zu,3- trifft teilweise zu,4 - trifft zu,4 - trifft zu,1 - trifft gar nicht zu,1 - trifft gar nicht zu,2 - trifft nicht zu,4 - trifft zu,4 - trifft zu,1 - trifft gar nicht zu,3- trifft teilweise zu,4 - trifft zu,Bei dem Großteil meiner Trainings,"Um Kurse zu Buchen, Um motivierter zu sein beim Sport",Ja,Ja
07.06.2023 10:06:17,I,M,N,K,J,Weiblich,22,3-4 mal die Woche,"Kraftsport, Fitness-Kurse, Yoga",Ja,4 - trifft zu,5 - trifft voll zu,3- trifft teilweise zu,2 - trifft nicht zu,1 - trifft gar nicht zu,5 - trifft voll zu,4 - trifft zu,4 - trifft zu,3- trifft teilweise zu,4 - trifft zu,1 - trifft gar nicht zu,1 - trifft gar nicht zu,3- trifft teilweise zu,5 - trifft voll zu,2 - trifft nicht zu,4 - trifft zu,1 - trifft gar nicht zu,4 - trifft zu,3- trifft teilweise zu,3- trifft teilweise zu,4 - trifft zu,1 - trifft gar nicht zu,3- trifft teilweise zu,1 - trifft gar nicht zu,Bei jedem Training,"Um Kurse zu Buchen, Um einen Sport-Zeitplan zu erstellen, Um motivierter zu sein beim Sport",Ja,Ja
07.06.2023 12:45:06,J,A,B,K,C,Männlich,23,5-6 mal die Woche,Tischtennis,Ja,4 - trifft zu,3- trifft teilweise zu,2 - trifft nicht zu,4 - trifft zu,2 - trifft nicht zu,5 - trifft voll zu,3- trifft teilweise zu,3- trifft teilweise zu,4 - trifft zu,4 - trifft zu,1 - trifft gar nicht zu,1 - trifft gar nicht zu,3- trifft teilweise zu,4 - trifft zu,4 - trifft zu,3- trifft teilweise zu,1 - trifft gar nicht zu,5 - trifft voll zu,1 - trifft gar nicht zu,5 - trifft voll zu,4 - trifft zu,1 - trifft gar nicht zu,1 - trifft gar nicht zu,1 - trifft gar nicht zu,Bei jedem Training,Zum Tracken meiner Leistungen,Nein,Ja
07.06.2023 12:45:57,M,M,G,F,M,Weiblich,34,3-4 mal die Woche,"Joggen, Ballsportarten (z.B. Fußball, Handball, Basketball, etc.)",Ja,4 - trifft zu,5 - trifft voll zu,2 - trifft nicht zu,1 - trifft gar nicht zu,1 - trifft gar nicht zu,4 - trifft zu,4 - trifft zu,2 - trifft nicht zu,5 - trifft voll zu,4 - trifft zu,1 - trifft gar nicht zu,1 - trifft gar nicht zu,3- trifft teilweise zu,4 - trifft zu,3- trifft teilweise zu,4 - trifft zu,1 - trifft gar nicht zu,3- trifft teilweise zu,1 - trifft gar nicht zu,3- trifft teilweise zu,5 - trifft voll zu,1 - trifft gar nicht zu,4 - trifft zu,2 - trifft nicht zu,Bei dem Großteil meiner Trainings,Zum Tracken meiner Leistungen,Ja,Nein
07.06.2023 13:04:36,B,S,B,O,B,Männlich,27,1-2 mal die Woche,Schiedsrichterei,Ja,4 - trifft zu,5 - trifft voll zu,4 - trifft zu,4 - trifft zu,2 - trifft nicht zu,4 - trifft zu,4 - trifft zu,5 - trifft voll zu,5 - trifft voll zu,3- trifft teilweise zu,3- trifft teilweise zu,2 - trifft nicht zu,5 - trifft voll zu,5 - trifft voll zu,5 - trifft voll zu,5 - trifft voll zu,2 - trifft nicht zu,5 - trifft voll zu,4 - trifft zu,5 - trifft voll zu,4 - trifft zu,2 - trifft nicht zu,3- trifft teilweise zu,3- trifft teilweise zu,Bei wenigen Trainings,Zum Tracken meiner Leistungen,Ja,Ja
07.06.2023 13:19:21,S,E,N,B,V,Männlich,26,5-6 mal die Woche,"Kraftsport, Laufen",Ja,5 - trifft voll zu,4 - trifft zu,2 - trifft nicht zu,2 - trifft nicht zu,1 - trifft gar nicht zu,4 - trifft zu,4 - trifft zu,3- trifft teilweise zu,5 - trifft voll zu,4 - trifft zu,1 - trifft gar nicht zu,1 - trifft gar nicht zu,4 - trifft zu,5 - trifft voll zu,1 - trifft gar nicht zu,5 - trifft voll zu,1 - trifft gar nicht zu,4 - trifft zu,3- trifft teilweise zu,5 - trifft voll zu,5 - trifft voll zu,1 - trifft gar nicht zu,4 - trifft zu,2 - trifft nicht zu,Bei jedem Training,"Zum Tracken meiner Leistungen, Um motivierter zu sein beim Sport, Um mich mit meinen früheren Leistungen zu vergleichen",Ja,Nein
07.06.2023 13:20:50,A,F,R,O,J,Männlich,24,5-6 mal die Woche,Kraftsport,Ja,4 - trifft zu,5 - trifft voll zu,3- trifft teilweise zu,2 - trifft nicht zu,2 - trifft nicht zu,5 - trifft voll zu,5 - trifft voll zu,3- trifft teilweise zu,5 - trifft voll zu,5 - trifft voll zu,3- trifft teilweise zu,1 - trifft gar nicht zu,4 - trifft zu,5 - trifft voll zu,1 - trifft gar nicht zu,5 - trifft voll zu,1 - trifft gar nicht zu,5 - trifft voll zu,2 - trifft nicht zu,5 - trifft voll zu,5 - trifft voll zu,1 - trifft gar nicht zu,4 - trifft zu,3- trifft teilweise zu,Bei wenigen Trainings,Zum Tracken meiner Leistungen,Ja,Ja
07.06.2023 13:25:44,A,G,P,M,T,Männlich,28,5-6 mal die Woche,"Joggen, Kraftsport, Ballsportarten (z.B. Fußball, Handball, Basketball, etc.), Schwimmen, Fitness-Kurse",Ja,5 - trifft voll zu,5 - trifft voll zu,5 - trifft voll zu,5 - trifft voll zu,1 - trifft gar nicht zu,5 - trifft voll zu,5 - trifft voll zu,4 - trifft zu,5 - trifft voll zu,5 - trifft voll zu,2 - trifft nicht zu,5 - trifft voll zu,5 - trifft voll zu,5 - trifft voll zu,5 - trifft voll zu,5 - trifft voll zu,1 - trifft gar nicht zu,5 - trifft voll zu,4 - trifft zu,5 - trifft voll zu,5 - trifft voll zu,1 - trifft gar nicht zu,5 - trifft voll zu,5 - trifft voll zu,Bei dem Großteil meiner Trainings,"Um das Training meiner Freunde zu verfolgen, Um Kurse zu Buchen, Um motivierter zu sein beim Sport",Ja,Nein
07.06.2023 14:00:12,H,E,L,P,A,Männlich,26,Gar nicht,Kraftsport,Ja,3- trifft teilweise zu,1 - trifft gar nicht zu,3- trifft teilweise zu,1 - trifft gar nicht zu,1 - trifft gar nicht zu,2 - trifft nicht zu,3- trifft teilweise zu,3- trifft teilweise zu,1 - trifft gar nicht zu,5 - trifft voll zu,1 - trifft gar nicht zu,1 - trifft gar nicht zu,1 - trifft gar nicht zu,1 - trifft gar nicht zu,1 - trifft gar nicht zu,1 - trifft gar nicht zu,1 - trifft gar nicht zu,1 - trifft gar nicht zu,1 - trifft gar nicht zu,4 - trifft zu,1 - trifft gar nicht zu,3- trifft teilweise zu,4 - trifft zu,1 - trifft gar nicht zu,Bei dem Großteil meiner Trainings,Zum Tracken meiner Leistungen,Nein,Nein
07.06.2023 14:52:07,D,H,I,M,N,Weiblich,25,5-6 mal die Woche,"Joggen, Ballsportarten (z.B. Fußball, Handball, Basketball, etc.), Fitness-Kurse",Ja,5 - trifft voll zu,5 - trifft voll zu,4 - trifft zu,3- trifft teilweise zu,1 - trifft gar nicht zu,3- trifft teilweise zu,3- trifft teilweise zu,3- trifft teilweise zu,5 - trifft voll zu,5 - trifft voll zu,2 - trifft nicht zu,1 - trifft gar nicht zu,5 - trifft voll zu,4 - trifft zu,5 - trifft voll zu,5 - trifft voll zu,1 - trifft gar nicht zu,3- trifft teilweise zu,2 - trifft nicht zu,4 - trifft zu,5 - trifft voll zu,1 - trifft gar nicht zu,4 - trifft zu,2 - trifft nicht zu,Bei dem Großteil meiner Trainings,"Zum Tracken meiner Leistungen, Um motivierter zu sein beim Sport",Ja,Nein
07.06.2023 17:10:17,p,d,a,k,t,Männlich,22,1-2 mal die Woche,"Joggen, Tanzen",Nein,4 - trifft zu,4 - trifft zu,4 - trifft zu,3- trifft teilweise zu,4 - trifft zu,4 - trifft zu,5 - trifft voll zu,4 - trifft zu,3- trifft teilweise zu,3- trifft teilweise zu,4 - trifft zu,3- trifft teilweise zu,3- trifft teilweise zu,3- trifft teilweise zu,3- trifft teilweise zu,4 - trifft zu,3- trifft teilweise zu,2 - trifft nicht zu,4 - trifft zu,3- trifft teilweise zu,4 - trifft zu,2 - trifft nicht zu,3- trifft teilweise zu,4 - trifft zu,Bei wenigen Trainings,Um Kurse zu Buchen,Ja,Nein
07.06.2023 20:59:03,S,R,N,K,J,Männlich,24,3-4 mal die Woche,"Joggen, Kraftsport, Schwimmen, Fitness-Kurse",Ja,4 - trifft zu,3- trifft teilweise zu,5 - trifft voll zu,3- trifft teilweise zu,2 - trifft nicht zu,4 - trifft zu,3- trifft teilweise zu,5 - trifft voll zu,4 - trifft zu,4 - trifft zu,2 - trifft nicht zu,1 - trifft gar nicht zu,3- trifft teilweise zu,4 - trifft zu,2 - trifft nicht zu,2 - trifft nicht zu,1 - trifft gar nicht zu,4 - trifft zu,3- trifft teilweise zu,5 - trifft voll zu,4 - trifft zu,2 - trifft nicht zu,3- trifft teilweise zu,3- trifft teilweise zu,Bei dem Großteil meiner Trainings,"Zum Tracken meiner Leistungen, Um einen Sport-Zeitplan zu erstellen, Um mir Ziele zu setzen, Um motivierter zu sein beim Sport",Ja,Nein
07.06.2023 23:01:48,I,G,I,G,H,Männlich,26,5-6 mal die Woche,"Ballsportarten (z.B. Fußball, Handball, Basketball, etc.), Schwimmen, Calisthenics",Ja,3- trifft teilweise zu,3- trifft teilweise zu,1 - trifft gar nicht zu,1 - trifft gar nicht zu,1 - trifft gar nicht zu,2 - trifft nicht zu,2 - trifft nicht zu,1 - trifft gar nicht zu,2 - trifft nicht zu,3- trifft teilweise zu,1 - trifft gar nicht zu,1 - trifft gar nicht zu,2 - trifft nicht zu,3- trifft teilweise zu,2 - trifft nicht zu,3- trifft teilweise zu,1 - trifft gar nicht zu,2 - trifft nicht zu,1 - trifft gar nicht zu,3- trifft teilweise zu,3- trifft teilweise zu,1 - trifft gar nicht zu,3- trifft teilweise zu,1 - trifft gar nicht zu,Bei dem Großteil meiner Trainings,Um einen Sport-Zeitplan zu erstellen,Ja,Nein
08.06.2023 11:49:25,A,K,N,R,C,Männlich,26,3-4 mal die Woche,"Kraftsport, Schwimmen, Bouldern",Ja,3- trifft teilweise zu,4 - trifft zu,2 - trifft nicht zu,2 - trifft nicht zu,1 - trifft gar nicht zu,3- trifft teilweise zu,3- trifft teilweise zu,2 - trifft nicht zu,1 - trifft gar nicht zu,3- trifft teilweise zu,1 - trifft gar nicht zu,2 - trifft nicht zu,2 - trifft nicht zu,4 - trifft zu,3- trifft teilweise zu,4 - trifft zu,2 - trifft nicht zu,2 - trifft nicht zu,2 - trifft nicht zu,4 - trifft zu,3- trifft teilweise zu,2 - trifft nicht zu,4 - trifft zu,1 - trifft gar nicht zu,Bei jedem Training,Um Kurse zu Buchen,Nein,Ja
08.06.2023 18:18:37,C,Z,8,L,D,Weiblich,31,5-6 mal die Woche,"Joggen, Yoga",Ja,3- trifft teilweise zu,4 - trifft zu,3- trifft teilweise zu,2 - trifft nicht zu,2 - trifft nicht zu,3- trifft teilweise zu,4 - trifft zu,3- trifft teilweise zu,4 - trifft zu,4 - trifft zu,2 - trifft nicht zu,2 - trifft nicht zu,3- trifft teilweise zu,4 - trifft zu,2 - trifft nicht zu,4 - trifft zu,2 - trifft nicht zu,4 - trifft zu,3- trifft teilweise zu,2 - trifft nicht zu,4 - trifft zu,2 - trifft nicht zu,3- trifft teilweise zu,4 - trifft zu,Bei dem Großteil meiner Trainings,"Zum Tracken meiner Leistungen, Um Kurse zu Buchen",Ja,Ja
08.06.2023 19:35:18,M,H,I,K,R,Weiblich,65,5-6 mal die Woche,Walken,Nein,1 - trifft gar nicht zu,1 - trifft gar nicht zu,1 - trifft gar nicht zu,1 - trifft gar nicht zu,1 - trifft gar nicht zu,1 - trifft gar nicht zu,4 - trifft zu,1 - trifft gar nicht zu,1 - trifft gar nicht zu,1 - trifft gar nicht zu,1 - trifft gar nicht zu,1 - trifft gar nicht zu,1 - trifft gar nicht zu,1 - trifft gar nicht zu,1 - trifft gar nicht zu,2 - trifft nicht zu,1 - trifft gar nicht zu,1 - trifft gar nicht zu,1 - trifft gar nicht zu,1 - trifft gar nicht zu,1 - trifft gar nicht zu,1 - trifft gar nicht zu,1 - trifft gar nicht zu,1 - trifft gar nicht zu,Nie,Benutze keine Sportapp,Nein,Nein
08.06.2023 20:02:34,A,F,N,S,H,Männlich,54,Gar nicht,"Schwimmen, Radfahren",Nein,3- trifft teilweise zu,3- trifft teilweise zu,1 - trifft gar nicht zu,3- trifft teilweise zu,1 - trifft gar nicht zu,1 - trifft gar nicht zu,3- trifft teilweise zu,1 - trifft gar nicht zu,2 - trifft nicht zu,3- trifft teilweise zu,1 - trifft gar nicht zu,3- trifft teilweise zu,1 - trifft gar nicht zu,1 - trifft gar nicht zu,1 - trifft gar nicht zu,2 - trifft nicht zu,1 - trifft gar nicht zu,2 - trifft nicht zu,1 - trifft gar nicht zu,3- trifft teilweise zu,1 - trifft gar nicht zu,1 - trifft gar nicht zu,3- trifft teilweise zu,1 - trifft gar nicht zu,Nie,Um mir Ziele zu setzen,Nein,Nein
08.06.2023 22:30:06,M,H,I,W,R,Weiblich,64,3-4 mal die Woche,Fitness-Kurse,Ja,4 - trifft zu,3- trifft teilweise zu,3- trifft teilweise zu,2 - trifft nicht zu,1 - trifft gar nicht zu,4 - trifft zu,5 - trifft voll zu,3- trifft teilweise zu,3- trifft teilweise zu,5 - trifft voll zu,2 - trifft nicht zu,1 - trifft gar nicht zu,3- trifft teilweise zu,5 - trifft voll zu,5 - trifft voll zu,4 - trifft zu,1 - trifft gar nicht zu,4 - trifft zu,2 - trifft nicht zu,3- trifft teilweise zu,5 - trifft voll zu,1 - trifft gar nicht zu,5 - trifft voll zu,2 - trifft nicht zu,Bei wenigen Trainings,"Zum Tracken meiner Leistungen, Um Kurse zu Buchen, Fuer hiit training",Ja,Nein
09.06.2023 09:36:35,W,W,V,B,M,Männlich,24,3-4 mal die Woche,Badminton,Ja,4 - trifft zu,4 - trifft zu,3- trifft teilweise zu,3- trifft teilweise zu,3- trifft teilweise zu,5 - trifft voll zu,4 - trifft zu,4 - trifft zu,4 - trifft zu,5 - trifft voll zu,2 - trifft nicht zu,2 - trifft nicht zu,3- trifft teilweise zu,3- trifft teilweise zu,3- trifft teilweise zu,4 - trifft zu,1 - trifft gar nicht zu,5 - trifft voll zu,3- trifft teilweise zu,4 - trifft zu,4 - trifft zu,2 - trifft nicht zu,2 - trifft nicht zu,1 - trifft gar nicht zu,Bei wenigen Trainings,"Zum Tracken meiner Leistungen, Um das Training meiner Freunde zu verfolgen",Ja,Ja